H2,CH4,C2H6,C2H4,C2H2,Total_HC,CO,CO2,Fault
22.43773663803545,30.798549790310457,12.56838440730401,11.531542945540197,1.9504411624484173,56.848918305603085,518.9622005287644,2673.470881477918,Normal
11.680127150076036,21.630914120396678,3.3789717562788883,0.1,1.8845011207010653,26.994386997376637,384.6974123793787,5679.528134468257,Normal
26.003609566451658,41.87500721513824,13.137096142824337,3.106146370378328,1.1639428851542128,59.28219261349511,455.02024960264407,4325.044427203026,Normal
27.524517731129713,15.860356522621613,13.282662300955984,11.807074403763936,2.662081534581753,43.612174761923285,329.6930919102198,3386.3960620321513,Normal
4.391718490769309,39.38820410901194,13.860456953866457,11.910117349067182,2.650249005578364,67.80902741752394,388.0633800723123,4168.14139153933,Normal
9.582563945101455,27.712187309938088,8.31967174846891,5.350284879440278,2.5935546949055666,43.97569863275284,237.90864816918486,6606.956808394423,Normal
21.022723225338282,44.054965121607836,18.477366854858865,7.151591832484245,3.536965653917645,73.2208894628686,165.56566915811263,5904.405415632833,Normal
17.470059261251343,39.01042786477512,18.147044251716515,15.482163954456528,3.4493448012363035,76.08898087218446,494.27658012252755,4804.9609077522655,Normal
19.86559073996569,51.84775389176162,6.033566281084161,8.063879473709296,1.6250553101508647,67.57025495670595,301.50050722755583,5928.657527697279,Normal
13.175648579411359,38.769296293663736,19.195180390169327,18.97168124961194,2.373052318434178,79.30921025187918,354.447215499657,3258.6320654198917,Normal
27.03518379890263,11.13551693216111,27.316109891675346,9.992320587294616,1.3763993107417873,49.82034672187286,261.3557746729807,5048.555151090546,Normal
26.222335483431586,29.19656192522159,16.031761994622357,11.632144707525068,2.0233553161145554,58.88382394348357,259.0030296916124,5220.983495729706,Normal
20.528245580489727,15.93591368886221,12.976049027588964,16.46749759399443,1.4002505508811351,46.779710861326734,382.6162299905384,4295.245237251909,Normal
29.01792965574426,23.780641891604702,14.147980713554873,10.52410846477368,3.620070309136051,52.072801379069304,327.04228058643537,5653.187503936127,Normal
23.740074738016364,48.13474119932066,18.69154060181137,5.990624077236795,2.363698150342963,75.1806040287118,437.79709979946983,3829.349818033323,Normal
13.125660296934093,37.65040573077235,4.615970366956692,9.561090193222839,1.7819708718955778,53.609437162847456,445.2538418979592,5764.731061664177,Normal
22.95000627265999,21.612834857055045,15.986344217863813,9.857557055239637,3.193618571856377,50.65035470201487,432.0849646324607,5827.788157296938,Normal
12.328939193368008,17.835391602715212,12.657216303223139,4.541033391193738,0.1,35.13364129713209,423.8600790928444,624.2601789544005,Normal
27.02760241045818,30.39338511451513,26.086950077736272,8.976671714636707,0.1,65.5570069068881,557.7768204931886,6785.458555265177,Normal
19.600592712109975,15.401278207426467,13.954963597170252,7.031231624010253,2.795838655219774,39.18331208382675,293.2406230955114,428.5511519708689,Normal
18.521101091637917,21.94631667124103,25.00732566671712,13.697431028749737,2.060468448117368,62.711541814825246,394.5065133797082,4075.926461665812,Normal
14.552563644768469,33.74411365861493,8.377555813307957,10.138447496741023,2.2504463002607604,54.51056326892467,513.2689820519589,6538.0220513866325,Normal
29.780330709392242,43.86374443328035,18.523555000816753,8.86881700340972,0.6736038966814513,71.92972033418827,526.4539809338037,4524.069912121339,Normal
18.76376414344958,37.30513766669328,16.916401582747373,9.575272277509695,1.9767662891496338,65.77357781609999,257.8236350655427,2800.721026295687,Normal
16.573377422695142,2.5045258968227984,9.785716512811305,10.892488073624664,4.0035094104013424,27.186239893660108,368.764455834413,3359.394407424994,Normal
17.182931596094164,33.65240074836312,16.064376687821643,12.46725679875912,2.8241996197958628,65.00823385473974,535.812109586726,6540.3586194809295,Normal
24.25847348442679,30.864402878790933,22.2751130209896,6.0011510853224745,2.169706545142812,61.31037353024582,450.8079105199065,2117.7432041770426,Normal
22.923552514912625,34.966683424472315,13.057249774280397,5.833649469514913,1.5609460898950624,55.41852875816269,419.5263031479773,6693.486651443026,Normal
23.301860892767905,49.39451617981449,4.848224104981421,14.41871686161012,1.6054271481306062,70.26688429453662,378.23153065653435,4917.346851436566,Normal
23.446568024063062,5.241140678343086,14.894623041135324,8.350652511181078,0.1,28.58641623065949,361.61990742922546,3211.40700433635,Normal
37.13318080696369,22.906758897706734,9.585461431244925,4.332631629612504,2.2576404209211605,39.08249237948533,428.82190630903244,4125.327391545963,Normal
16.748679868923077,37.090875873520254,12.945954368016706,11.775250837532418,2.845483108481854,64.65756418755123,374.76258750155165,3474.163488347538,Normal
15.9020581674277,11.020867206552694,14.510473381889273,11.853479224130748,0.42438067282938485,37.8092004854021,395.7421378955556,6299.337801287793,Normal
13.489818174016978,47.71138857664211,4.766086703906897,3.8771389709731743,1.338583107693184,57.69319735921536,407.85987061150377,6098.641714644257,Normal
24.927835380603966,34.4202793524079,5.306049964075932,10.917926861854426,0.8425353677665779,51.48679154610484,332.1928471506501,2421.25829918593,Normal
29.031778341767133,40.15900783012085,17.89240101315315,12.942332369713494,1.0346488051912366,72.02839001817874,453.2129373881438,4394.611822220999,Normal
19.088420338761,23.148676061738463,11.863687822981918,11.497545806825052,2.0534816268219003,48.56339131836733,691.424464841542,3705.2215064835846,Normal
13.278748184299776,39.76516427959453,0.1,12.52792593504558,0.1,52.49309021464011,222.3013360673925,6940.2649526890555,Normal
13.404150274470084,42.82165867186846,19.70906421964881,4.382923607637004,2.614270438357064,69.52791693751135,432.401252418998,2974.8513228103684,Normal
25.20474230259761,32.79453624164602,16.634218531645438,11.324160619984783,2.753855069933682,63.506770463209925,323.98099113810946,7406.343657027521,Normal
25.94603336962754,32.81281071238435,10.716751055781096,8.789520962118214,1.7488974119630876,54.06798014224674,457.740257751925,4950.057890724594,Normal
24.34523414644156,33.244118871380714,7.099018733650551,8.068839365101422,0.1,48.511976970132686,404.65574733278606,3257.0983904298687,Normal
14.675922341690445,19.63985682312742,20.01484737788602,13.482222437678907,1.0035813739976103,54.14050801268996,476.18547740424634,3984.088723986083,Normal
21.857290584533757,28.229655837115764,17.096103735362576,15.91709804269692,3.2329019341026966,64.47575954927795,517.550657650878,3797.571738847324,Normal
20.933486473125825,28.169729610571693,29.29561369610444,17.177480218401435,0.1,74.74282352507757,419.24211177681815,3088.072396976741,Normal
21.749508773832105,34.600726372241944,17.521131592349626,15.25923148602362,1.6524765878064809,69.03356603842167,513.2052288414178,5142.240289595564,Normal
26.971430223585518,41.997890962923535,17.32621884757209,9.561063273479265,0.819999221532741,69.70517230550763,165.57021062113228,3158.126673962235,Normal
21.788764390197457,17.297567016259087,13.998432419348608,11.410880652105373,2.8045703015848367,45.51145038929791,559.0452297916023,1729.450686892717,Normal
25.43130850457516,28.499891636165067,19.900655203204746,13.067291487136975,1.3248860478565385,62.792724374363324,437.506215189234,4430.48529372774,Normal
20.54063255591113,47.77746657190768,18.750511207488923,10.484711797197848,2.4039540207356116,79.41664359733007,507.7843355745182,2295.715705373176,Normal
22.312955189519872,21.07694125424923,22.51035005139117,10.523056751646177,2.565460419169093,56.67580847645568,278.01242551584784,3871.758697898719,Normal
25.050305806708323,20.132999792516156,11.872062488176292,13.295012527504728,3.83622583973002,49.1363006479272,316.9230118394664,3636.3456670949663,Normal
8.342753441154668,32.42767430197432,12.387555162336227,9.76286941589627,1.7970580563246297,56.37515693653145,414.5938294144774,3693.1758919612785,Normal
17.44263026914159,40.13262228582384,12.12538097452812,7.0828522545053545,2.3760443696226115,61.71689988447993,398.2962110662537,8001.444652385231,Normal
16.237018765657638,30.137112666727912,19.744810327073935,8.342107736656565,0.514944520872564,58.73897525133098,428.30685880099895,5084.617350754356,Normal
14.888977214053265,45.94752708524387,23.99024664178039,12.535641510934969,3.190413563293744,85.66382880125298,508.4515160929966,5368.056513492998,Normal
17.79886199018653,40.28152779079832,12.246957041104196,10.011973164799823,1.2394911519286353,63.779949148630976,223.47796846971508,2335.402555486558,Normal
31.959530489875167,40.10184080268074,12.451357633241452,11.360839907473352,1.4392458359122544,65.3532841793078,497.3819071717309,4019.055299544617,Normal
13.073351074454054,36.64939801588912,16.884463343218794,12.680316968808759,1.9777522051507892,68.19193053306746,400.8281909957927,5322.953944912268,Normal
27.746226836731847,57.93183720415302,13.525430999922591,8.500634148409562,0.43711565466015045,80.39501800714531,379.6218138875452,3463.2066306304905,Normal
6.537041827073562,27.53805973360747,20.71232191883934,13.024992654519224,2.228770028928938,63.50414433589496,252.88847656151097,6362.094265276978,Normal
17.320919760113803,5.957732495201832,1.4893362562857195,11.515370413833578,2.9674662729250105,21.929905438246138,450.3048668376865,3195.955121148455,Normal
21.302024520840046,49.251052338205696,10.039769718498633,5.0607476523540855,2.2929338234972914,66.6445035325557,158.5892148968963,4570.450796202236,Normal
24.689778650874224,24.507606828518092,10.305501996231325,15.769219164744978,0.4111024358212749,50.99343042531568,464.83940112387126,4120.922540036662,Normal
25.68981263834284,31.294565332116395,1.0778639256831308,7.9970210249723355,1.8761907056703404,42.2456409884422,250.7894164527008,5246.480989072874,Normal
26.3467778815994,45.71460821832632,9.218169333787175,3.3796186272592648,2.7420289029794906,61.054425082352246,405.3457912617474,4039.264892216861,Normal
17.2101994220125,10.772885507292898,9.509063304924442,5.819825161654791,0.1220112340340922,26.223785207906225,388.08311626720797,4593.6595593935945,Normal
16.301185658683462,14.980233430726326,13.793372072887017,5.915819357286712,0.925233986182286,35.61465884708234,516.9538147293883,4645.804862333021,Normal
26.863807050057233,10.784664754573754,21.67779534996158,10.208693274630134,2.8765436040815198,45.54769698324699,382.134483098611,3898.418363913049,Normal
18.46956540094708,20.470364519694915,13.529636092855785,8.904597977815051,2.2700954341972865,45.17469402456304,330.58614388543344,5727.640802745669,Normal
9.794509413296625,35.275639272203925,8.815117678373078,8.65267212943763,2.4119715821267538,55.15540066214139,349.3397304028797,5357.582562256138,Normal
10.933702287972155,36.29025411375325,14.658272752718826,12.478807861929916,3.8594948076233115,67.28682953602531,527.2882768754664,4867.079082120249,Normal
12.644381711987108,33.31529015194265,21.295041728648094,11.359501444770816,2.4685527785062025,68.43838610386777,453.6296969180894,4354.3124998070625,Normal
23.977285952430112,13.046809393291603,9.14424710331057,11.264191482577145,2.6578880104331795,36.1131359896125,361.43700184768386,6194.816045779995,Normal
21.13940588856452,2.278758760408273,9.53655069647131,11.639313829314771,4.710745527218326,28.16536881341268,376.35535800354864,4646.248634278728,Normal
25.523882832542146,30.652243024684587,18.35129375564534,12.464538672008953,1.7861954419095092,63.25427089424839,243.2822909414553,4539.954068261094,Normal
16.581978829307726,24.338687596339973,13.670783305615197,1.568186632890228,1.202117236381505,40.779774771226904,438.8474200851541,5157.035044832189,Normal
21.268317528613714,35.51262926059934,18.884908144256848,8.542246990942155,2.427796398247133,65.36758079404548,224.01842923045342,7544.880024456276,Normal
25.004723151738695,38.42344351465524,14.91811924922822,1.2791597420421041,2.438991029388895,57.05971353531446,475.1796465835456,2989.4656879681943,Normal
17.525227682238093,31.658897184704184,19.209981888537403,10.144239707191181,1.4732846080537918,62.486403388486565,412.8621592491266,6154.785339583032,Normal
23.65420190045929,39.121597024510244,8.789531315756154,9.981468111102618,0.9676029804451525,58.860199431814166,638.6951799573923,2160.2432581428425,Normal
14.704592471466789,32.75053648938082,14.927492095270395,14.182129099158722,4.3098444220900785,66.17000210590001,289.9864446275694,5325.909737342936,Normal
17.095569227479427,36.3607764672176,13.73585991382106,14.750537570884482,2.326843470388023,67.17401742231117,389.7337908959367,7362.624241413096,Normal
16.94609684801337,21.54392084556141,7.704654455375216,10.81110019300947,1.2677146185979242,41.327390112544016,579.8287700923063,5733.00278670096,Normal
10.433282835287683,27.844663034022496,5.619132312787869,7.998555690412401,2.9159303022795986,44.378281339502365,519.1389640291414,5255.937617809689,Normal
23.895779846284654,32.36131315988349,19.114494211647973,11.940644450182951,1.8908548484386656,65.30730667015308,330.37879484201005,4159.325796795387,Normal
16.24478127837821,39.846341705009024,12.89428570669213,7.888329450702746,1.7471185536821687,62.376075416086074,422.3967428373448,5046.570800732831,Normal
20.0999529498215,25.275105933305134,8.866318310116023,9.994429394226604,2.562272871914493,46.69812650956225,400.1999356415087,4621.905776894966,Normal
23.84597327124727,36.254007068785356,14.422926378460007,13.944545267843072,0.70811773176831,65.32959644685674,428.1955867394157,3821.035088102967,Normal
23.572249408239554,26.80993449701545,21.768113144095814,7.768914616042306,2.3526272039171725,58.69958946107075,330.131956401517,4565.186576787695,Normal
25.323080871782288,28.589493992062437,1.3155729277684625,13.222714556970004,3.912954807731752,47.040736284532656,391.06795972992654,5297.571740939659,Normal
19.212116123924613,39.95422850428888,6.020167860580042,12.709605474769209,2.466177662197311,61.15017950183544,240.19476247232862,3849.1743972040395,Normal
16.61361350364677,6.08327554735013,9.462681348628394,6.180832731476714,1.6237878962165355,23.350577523671774,413.5123451868082,3790.577268972974,Normal
19.362254312748806,14.442332063102867,23.767073200321974,13.895576512869603,1.492894719571758,53.5978764958662,445.0020673421832,2959.6348436117387,Normal
6.501324528335761,12.213775230686153,16.69552189751578,12.79426538148602,1.5896600266548906,43.293222536342846,377.2580587356116,5586.087539133344,Normal
8.423100220615302,1.996606561820343,19.60390344276736,10.40770354949063,1.746037321952219,33.754250876030554,238.49491094152123,5817.984892950591,Normal
9.418403101164781,21.86082671813788,8.159034485242618,6.9507061678893916,1.622193467241728,38.592760838511616,498.85318628514625,5347.490666354776,Normal
12.022025379188147,38.993206796732885,8.282784748376843,6.5631759256977205,2.9163114410745665,56.755478911882015,436.45250379928024,6447.755739092999,Normal
23.198193813787494,26.581391203409105,17.68688230033626,7.849349692387911,0.26679089679101686,52.38441409292429,327.39849022990234,5131.801455621091,Normal
12.756167557119515,32.37348098330222,15.34964598561268,12.17037785316784,2.862000050412134,62.75550487249488,371.9399553161936,5588.016406048635,Normal
16.974699567684883,43.07060996052951,18.29243291318476,6.177499330394408,1.6203134748574388,69.16085567896612,249.9330597218161,5455.756138456344,Normal
30.393826382288523,45.932233587212295,13.873974054429286,11.75004899447948,2.3769477856953722,73.93320442181644,297.45898722220954,4862.689970872688,Normal
17.14988823150859,29.170344783286325,16.66886235872776,5.03297788448643,0.8730120897991362,51.74519711629965,346.21886536428605,4203.767257805529,Normal
25.90012454773669,46.24303067483277,15.948714509430655,9.183725662244605,3.328631066849436,74.70410191335746,522.8420812280151,8321.228923687868,Normal
12.531058559920984,31.10551990120931,19.66660433450955,10.438591018296034,3.245634960171873,64.45635021418677,336.04966091125243,4322.073530219737,Normal
18.35649953705896,19.951221314070455,19.842049691666823,19.780520580235667,2.9595905257500736,62.53338211172302,464.0213659328759,4001.1834333193456,Normal
12.399823560715351,22.86719577361518,5.28076803364938,4.4907373779185304,0.48524522420646066,33.123946409389546,346.168379713842,5651.01473517516,Normal
17.2877353927955,12.233561849219804,1.5163886679548675,15.888058265960534,2.829121071066053,32.46712985420126,424.7947560851875,5377.781622942508,Normal
26.722465099659164,19.34239375519617,21.010472385909043,10.59936965594912,2.404855087635709,53.35709088469004,385.8604497856198,2892.812678584509,Normal
6.1814366144612105,25.70379974310685,22.12635055957162,11.644687672063853,0.39472875286743236,59.86956672760975,487.30566000927433,6684.017381845608,Normal
23.475389148366858,39.64302023254322,8.876261882919975,10.473391653552818,1.9757026162291844,60.9683763852452,346.5188661781442,4858.70813697375,Normal
21.901884818658225,50.6492379739918,3.8409875607262283,11.778907272780932,2.3645344890332627,68.63366729653222,242.7471749997559,3333.603357176419,Normal
15.246800354425645,13.413821815475519,15.594208926043205,9.38525958255193,2.5560752738231507,40.9493655978938,261.8050968636367,6783.176171530811,Normal
8.431537164892363,34.71392961911903,20.585029358103178,15.816200725829834,2.177261366948856,73.2924210700009,346.8122506057243,5938.513357394231,Normal
20.577036061710956,17.513472730109587,25.785567134605888,8.17411542310111,2.2912314168473795,53.76438670466396,275.0940029321947,3103.1870120781286,Normal
15.76405832748958,35.696365061558424,18.097785432608706,14.52893828871699,3.473611392253096,71.7967001751372,441.02120156795513,7665.774260386586,Normal
21.861409690837633,28.42696019174728,12.76969982048583,7.422531519147908,3.22603390991068,51.8452254412917,353.4231835141922,5988.196052549289,Normal
20.174817164187544,8.029130089829636,9.641216270490824,9.758992614394852,0.1,27.529338974715312,637.4606550026431,4984.705826562431,Normal
32.81423113056732,41.13956389882181,15.068707750023927,5.712149790839123,1.6825614451623179,63.60298288484718,226.2285404862868,7385.328208432669,Normal
18.085154980215805,22.739991446295228,13.204411776688461,11.82009488139008,1.8353489724560488,49.59984707682982,420.3633178709801,5238.946675744461,Normal
11.81202005902508,23.593197139517343,8.909592565627104,15.780503827706134,0.24790142727302888,48.531194960123614,287.2046976494331,4957.875387343952,Normal
21.43420507965053,17.16297106452372,27.29253390517972,9.690575280716583,2.094183058232312,56.24026330865234,350.6598659617321,4009.5498259670167,Normal
21.75997347177412,22.148600679749336,25.711010412432785,9.212457205184363,3.2487577724105066,60.32082606977699,414.1419473340544,5872.775658960618,Normal
30.873500601923492,35.13468528833901,21.81629210133257,5.541532147728293,0.9134321404094097,63.40594167780928,167.46286251257132,5714.90445098597,Normal
26.680889967316627,27.729067908763135,9.474897613145234,9.082829385790767,2.3364009386898723,48.62319584638901,423.68261167880274,5022.020209834567,Normal
22.854968473196074,33.943944027389776,20.130115945783672,3.6288229611138894,1.0841765227035622,58.7870594569909,590.2907462274168,3815.0204691985955,Normal
31.706423129756494,34.34306224714612,18.837758456987412,6.348488053124691,1.3280879763203233,60.857396733578554,354.6561701631407,5194.894781249111,Normal
10.489895565417193,45.847939866338,17.655273745224317,10.907144184436541,3.477393634170035,77.88775143016889,425.9807856805509,4895.301821356793,Normal
14.881987738002017,25.886566189627448,22.497991602262662,15.276052790965585,1.457442179888175,65.11805276274387,502.49216931253994,2999.7885218986985,Normal
12.587392468755802,12.277706197851217,18.812226857167666,21.236843444918012,2.4622124890106245,54.78898898894752,383.6046499973003,2792.2814730137216,Normal
16.881521574753855,42.8066689988638,19.440085417826012,7.653659659716397,0.1287818839390129,70.02919596034522,341.90398114685166,5847.730068214654,Normal
8.98651081954953,26.022141934832945,18.82143770023326,15.74120062658176,3.86231756139488,64.44709782304284,172.42635962782478,1097.1675274224667,Normal
25.081207574515233,43.375109334928524,17.044748448012633,10.975009921606592,2.602652446306499,73.99752015085424,464.0990719394973,5308.11579044189,Normal
18.222218423209814,34.60052535818964,4.298333221714898,9.395009413014497,1.8175001573497382,50.11136815026878,388.68315902711026,4282.875413369264,Normal
8.233549643978737,28.42634963755986,15.501726464463344,11.73037780690461,2.575546509999895,58.23400041892771,298.73161486118386,6962.369910319865,Normal
11.875367350339667,34.18531072855554,11.662848246905249,10.247665934719837,0.5901805710521897,56.68600548123281,412.6596710277694,4259.797686269187,Normal
22.508110779601562,53.412150721515594,7.3209542541598776,10.441582902448873,3.1825307417526574,74.357218619877,341.63196431938184,5989.226321377844,Normal
26.70501254315505,54.92376634864504,25.090899715804944,8.366667348693323,1.6760152245035698,90.05734863764688,347.15738688844743,4404.629238143312,Normal
35.97384713353429,30.832573621593344,25.373972045314222,4.407561360804597,1.7959304849515654,62.410037512663735,460.6291156108708,5170.622230229215,Normal
43.31089972805864,31.922287119804903,23.155323601773674,3.8254991899116737,1.5083443850345155,60.41145429652477,266.16175886761556,6105.254796380077,Normal
23.31527546620797,42.91488188959663,16.53128050113525,12.612979533124907,1.4193485972544153,73.4784905211112,504.7315286073758,4306.16642551313,Normal
12.083695039745088,19.852067606791834,23.10375072571594,8.893199639657146,2.6946706116284087,54.54368858379333,260.23138368815967,6494.832326747606,Normal
2.9436297541495264,33.99684447141906,15.072319083610953,7.6156444013753335,2.255906850104223,58.940714806509575,333.7298591644736,3509.4531843402756,Normal
22.141691698750687,29.689645824553722,16.216783661386675,10.034022506892613,2.65174814140304,58.592200134236045,592.2946194066577,5441.889263837568,Normal
13.496471237517392,33.76689853749065,8.439171777228102,13.17972901166251,1.9912053105144285,57.37700463689569,512.7354761642422,6383.959584181779,Normal
16.67714191856252,19.99957432860713,17.38194782699304,10.721455772105593,2.513199811077181,50.616177738782945,409.76039924954404,5990.056237685502,Normal
15.103225607521535,10.925190080292374,15.362315570546503,7.3757802534361305,1.5811512560749617,35.24443716034997,305.9469784498783,7874.6673151031155,Normal
18.87367290866892,5.124198768104499,7.184087298993213,14.905171822595799,4.229731841409548,31.443189731103057,347.07276933001066,3854.841024034009,Normal
28.52784184630115,16.591390644124708,14.692817329100418,16.31674201192653,0.4320695835695014,48.03301956872116,407.32753145856964,2931.276122977118,Normal
21.256388539562757,24.495896580728004,14.52162261685915,11.978226621291412,3.2609373235629846,54.25668314244155,403.7523232339598,3508.497337257321,Normal
18.730921303690494,26.48170096021486,25.78536699986784,13.89465404537636,3.3679074507209705,69.52962945618003,390.9129070374037,5990.663849822656,Normal
11.714769977393507,53.2467739491542,20.365279971080458,14.967839987255244,1.1478411940344062,89.72773510152432,396.91674859158155,5746.884401404068,Normal
6.602536442365144,43.27192043888758,15.068672634548797,14.520397265618055,4.229273610555973,77.0902639496104,378.5624890294886,5153.384989471124,Normal
16.109536727413353,18.454906603900472,16.4927238588065,12.456396708450495,2.995490282945318,50.399517454102785,255.8021264359987,3315.564426339305,Normal
19.569739593453438,34.17250142941148,15.265274268625188,12.393388188299532,2.9711390068229115,64.80230289315912,348.34892578391674,6150.300939993591,Normal
34.14343930863906,25.1150611637961,13.782516091226714,12.078642293386011,2.0280221870258766,53.0042417354347,491.46240539868467,3162.942833524189,Normal
21.042196171783086,26.58763394351886,8.50543681567028,5.610649301811826,1.7827738417813235,42.486493902782286,263.16657024488825,6738.42437356535,Normal
27.86191608818446,32.22390779298458,14.093688734358425,12.802892627438343,1.7905911729603918,60.91108032774174,381.04444884607216,9286.157634709798,Normal
16.005635211686783,37.43005340370472,10.52341046008492,4.576744115493784,2.3905305963195174,54.92073857560293,318.0246071229156,5549.676719857325,Normal
10.520449868663803,25.928898193391817,7.498106766461122,6.821602179499781,3.401186275033896,43.64979341438661,411.1350429398111,5874.662203486615,Normal
12.279065902141024,42.766218392812306,18.06733088728521,15.21426027123235,2.1813142178614195,78.22912376919128,361.13668189331815,4260.7103466566605,Normal
14.198191483713973,16.29674128629115,17.34758795959941,13.36088065077679,1.0885563768627096,48.093766273530065,547.7393664974669,2284.6800183697756,Normal
37.02775785948131,30.07606874834722,4.279754931791533,15.94959315874345,2.82442706238498,53.129843901267186,450.65831541902537,4095.9209554546665,Normal
13.428906566204912,61.172084719149986,14.263892175029238,8.913302465250831,2.921150746394792,87.27043010582484,268.8196834222789,3360.657138351876,Normal
26.70791362989076,32.676956911503304,20.97420831539954,5.39100463489293,2.654659528447786,61.696829390243565,467.12280116136986,2829.4931353774764,Normal
12.776582575303788,47.198574079274074,21.355342433377924,9.038251211718629,2.7454989065249826,80.33766663089561,322.53481437379367,7583.539912993474,Normal
27.452584102993953,31.098242138078497,21.15502105731143,10.408125188962297,1.7290718698421919,64.39046025419441,342.30036286224663,5409.29377703866,Normal
23.079607728846906,36.96932514395756,15.233479241408759,10.31595486536004,1.0710108328694203,63.58977008359578,431.38190201071217,5569.531370920976,Normal
18.746896818735276,29.3186016672877,9.929728032185093,14.534721915026807,1.1318065693592203,54.91485818385882,350.82525802698655,4536.4664522056255,Normal
19.67389979091653,27.955109026029547,8.497807035851636,8.554918299986218,0.36453675154214205,45.37237111340954,489.28558163229553,4740.693376334845,Normal
14.761698436564878,20.646211239294963,17.067629428502144,11.408137887211698,2.23694861154595,51.35892716655476,322.5489938486605,6446.826023359,Normal
23.568577611856643,35.16361630749064,17.275680206190977,6.045491402261575,1.9165512167734065,60.4013391327166,338.1053447408637,4951.494321957177,Normal
16.36013215727376,19.781553729770785,22.723986669630392,11.801269112175252,1.5600122954702913,55.866821807046726,334.3629106451891,5796.040907037099,Normal
10.195153889862015,37.98702283576115,21.5998779020525,10.012434200742547,0.1,69.69933493855619,343.4361251644961,4705.993553232476,Normal
9.776499405443046,43.02344405335092,14.206628060812967,7.000746646861931,0.7526825303058311,64.98350129133165,509.9191555547813,4486.770663901929,Normal
21.380703341776957,34.39837688684676,7.5347647268347835,9.05668255130059,3.120840651403167,54.110664816385295,462.8796293610303,2889.628751597207,Normal
32.63273005128348,26.565015197331697,13.085360417934613,9.263297013939113,1.335373999936869,50.24904662914229,570.9943954012072,2033.376406449308,Normal
21.279932908587504,35.44758695170435,16.303387168863146,8.919379482651616,2.360591677656841,63.030945280875954,626.7644203899255,4607.657148400397,Normal
19.05089339112094,26.29592333344305,13.787500527663575,17.085364969070735,0.6093145700247438,57.778103400202106,296.928296806766,5084.745037989849,Normal
22.286609116820344,41.22656550558179,11.532635351534065,9.606215990768481,3.4387054823592313,65.80412233024357,407.04191273272886,3070.8049449368136,Normal
30.4480139336546,8.023126989418515,16.517308889819393,9.024415559290649,1.8559723399453236,35.42082377847388,282.3799683356567,4948.28770244805,Normal
21.75506001091085,25.972711582576245,11.976253551536338,1.6101961695594333,2.290040396483535,41.84920170015555,322.2394072251733,5080.628844485753,Normal
16.712582153330104,6.110256058512029,11.231603497647756,6.423170592082091,4.3257797918816845,28.090809940123556,336.99174897443305,1765.9879909109313,Normal
28.85030968047911,12.059270037273539,16.86871700582064,8.947706302174588,3.5164401005894037,41.39213344585817,294.2845125861726,3627.3130107807483,Normal
23.43005150769291,46.36634675776691,12.588044519224772,7.256589295293429,1.6934343787129422,67.90441495099805,294.8112727101586,5610.8958406032025,Normal
32.286047935967936,40.74221978366023,16.464626333870115,15.526830373511189,1.406779815129641,74.14045630617117,385.57156214797453,5580.588094093616,Normal
21.46587549777525,21.366237200582518,16.639224137112738,9.340248898415126,1.6744549884804683,49.02016522459085,278.3281581613593,3269.4876254003593,Normal
10.204247746235998,11.969958527509235,8.163425993450552,15.15377699727301,2.5098982484765355,37.79705976670933,484.2126959137633,5237.672075749602,Normal
9.05472640603468,0.1,12.112553256807526,10.246818536201472,1.894775865749129,24.354147658758126,308.2246462582486,6533.610838040708,Normal
33.20742345785,23.478053904808384,23.626661639498774,10.148911345686306,1.6047558549965284,58.85838274498999,680.9568970096392,6165.609438486347,Normal
33.78932576626637,59.044980146968825,8.027522923594278,9.644814209149995,3.467181250709042,80.18449853042215,354.8615549035605,4857.071319479098,Normal
18.563846293739196,35.218611257563765,2.300073306176813,10.015185006485837,1.885790108222163,49.419659678448575,407.2017641917052,4298.035530013562,Normal
16.9345014309121,23.285132567406126,3.828929080544931,16.875180012199436,4.299589093037319,48.28883075318782,270.46588155339646,4055.9832734982433,Normal
31.691554337937617,35.58096251400367,15.174659679460015,0.7215570929951269,2.090742563752173,53.567921850210986,570.609175812764,5701.729674364486,Normal
11.143634543652096,11.268499764066686,15.185503668196194,1.9938170222452847,3.7853183942247277,32.23313884873289,511.9500680802916,5292.655959714332,Normal
12.84218384835339,26.432119647628376,14.294334867449274,7.827316675775545,2.357319422710627,50.911090613563815,429.69158707361123,5944.106009153301,Normal
25.146614357512355,31.193729676188862,22.28513897357101,10.058111527750276,2.9629605732494477,66.4999407507596,265.3197451220434,5197.810719681728,Normal
16.843159017123284,28.96679217814742,0.1,12.760417699056049,1.2753889484822756,43.102598825685746,421.06668777246205,6228.145925521163,Normal
19.95902506623943,39.48967346028097,17.37560324658494,11.892348792109901,1.1462407774125882,69.9038662763884,287.8568953982745,5141.8887994365505,Normal
18.6924568118039,34.13574271483263,24.36862921082144,8.46301634847772,2.4597059550149876,69.42709422914677,546.2355263473361,6177.0330741975295,Normal
22.700596390391468,38.01991221729597,8.233315410649716,14.07617477296705,2.988553242465315,63.31795564337805,480.91947318531726,6306.234155549959,Normal
31.259854890509736,21.739532613230885,12.72116092926063,14.120781612610923,2.040256502000463,50.6217316571029,409.5439038487736,3793.21005466278,Normal
20.724679255213964,40.77378490092658,10.482648496628276,10.736231325086262,0.7136066649163029,62.70627138755743,156.36243367526777,2287.783929693881,Normal
25.151510346214863,49.547243371487895,9.633923723534828,13.850630289947365,0.6397416337106729,73.67153901868076,301.65840213409695,7315.23928402183,Normal
3.5986231917518197,18.358205764183047,13.04242796986176,11.090581053728515,0.5728635978137588,43.06407838558708,468.77611315998723,5384.988096068392,Normal
19.610252784559055,19.347652131425285,23.56491170210703,7.754067892868465,0.23237788706061902,50.8990096134614,521.2883691723156,2428.2711567558176,Normal
13.254157837657031,46.029412035842796,26.02432005292512,12.791267356000018,2.1094853594470875,86.95448480421503,510.91698114921314,3929.2707541719333,Normal
10.249495516610976,27.703872159659277,12.984364649759113,10.442452490314711,3.1250439217080253,54.25573322144113,240.79869977585446,6157.811438554742,Normal
12.974781064569994,46.845856704798685,26.43036128438682,10.005359387017947,1.9865842130751912,85.26816158927865,430.1552306812904,4580.4847533006605,Normal
17.327012474393502,24.689571457293795,15.21345886190775,15.891814288758297,0.1,55.89484460795985,501.5515216482929,4231.907871021309,Normal
27.327220338848104,47.460546915248536,25.522146160206486,0.19651148583965394,1.8092395396654513,74.98844410096012,234.16644344177547,7101.32279046945,Normal
9.388858258083488,31.577829801665427,14.44020810207905,4.329263319361721,1.837201003367393,52.18450222647359,399.20954846267637,3429.0692804242844,Normal
20.24505194075534,33.09874587987234,15.786346956276866,5.25171829450252,4.095998750225439,58.23280988087716,427.3842398308456,3802.7699633677494,Normal
16.126644533331373,48.77661626003885,17.192846835857008,8.546957409724778,0.5428620870804437,75.0592825927011,369.9235415153265,5317.079712572401,Normal
17.378615245104314,25.658754270669945,34.07312207620521,8.981567320935879,1.6093223974008044,70.32276606521184,214.78381445987984,5585.682398080823,Normal
28.022062602436833,18.7065348489005,20.107713449068733,3.97069740890781,3.705852680544564,46.490798387421606,367.4301889926271,5744.514551511097,Normal
24.304923496031407,24.617229503659747,10.756412820291217,6.059367870756695,2.449978341346548,43.88298853605421,367.2694569744976,6366.85706685342,Normal
30.69918485954195,35.428007407717665,20.813987221655147,6.556633285905719,2.563313073516425,65.36194098879496,385.1927595452246,5297.867931022275,Normal
18.763954566000795,11.210891133833826,12.829004777493951,19.829696368303566,2.114584437023878,45.98417671665522,343.65285745749304,5734.0759084076135,Normal
14.432459106634376,37.64965083181346,12.061498902592746,17.206967790988585,2.3299435386572647,69.24806106405205,355.6987846758533,4611.186111027375,Normal
18.209129464956003,23.534744188587084,20.451608159352666,8.353002329261402,2.7776095302785357,55.11696420747968,396.0293717653022,5094.047454855071,Normal
21.939974330169772,43.77375192880276,15.186513526626916,8.545666838772805,1.1905136811072337,68.69644597530971,444.24546049697113,5161.301270080452,Normal
21.412586867629688,1.2688763411943427,16.671455487070837,5.4031840112468235,2.8780585789082,26.2215744184202,369.5573237143333,5322.647203728554,Normal
11.324895422133068,20.561210698749974,15.083911331191755,2.367478347098933,0.6269969831144608,38.63959736015512,359.0351071631998,6158.809711374141,Normal
20.723918253022994,9.762382185190777,17.019498759632608,9.532479254365905,2.328367972831538,38.642728172020824,409.2354038254458,5832.718522917246,Normal
21.82582664111124,20.085246403632567,17.549795384616896,6.008592067023898,2.178740963286327,45.822374818559695,207.90840741048186,5066.325504350275,Normal
40.13979230027137,32.971990813307315,3.3781984037675077,9.66059787335196,1.383706911807892,47.39449400223467,447.7035127226458,3786.31102258844,Normal
35.01475689025336,27.84928049460294,18.999436011657203,3.5991766038260904,1.9773147246743532,52.425207834760585,399.9436902877041,5101.506887094064,Normal
13.174053195529439,26.95946917262382,9.107883481018195,6.952102166758969,1.377459847334447,44.39691466773544,403.96935265975617,4957.973322656384,Normal
17.70093310760659,28.08978154343927,6.346205186643532,10.594508381211323,0.9282986731382556,45.95879378443239,496.0734307594464,5289.772369719798,Normal
8.292463985303975,32.44065888743932,14.649532536847905,11.46483839113575,1.6463852583863556,60.20141507380933,204.71844699517519,8309.787960710604,Normal
15.274343888292108,17.897567496682708,15.503886019886725,11.669887834968058,0.8960113646283385,45.96735271616583,202.61661301410362,4214.340832188147,Normal
22.524840028722725,38.48219569078861,10.838963012566316,4.718044063371851,2.3227974640932483,56.36200023082002,427.38038453235197,5633.43352868804,Normal
29.64682896710587,37.95199164462581,19.986191146007847,13.418742920542247,0.8499145058476365,72.20684021702354,399.2883144871484,6602.693100866447,Normal
14.167329298051133,34.62045525187321,6.946949001774559,6.799153213592598,2.7119770229910514,51.07853449023141,417.0176943191932,5147.002871149074,Normal
14.766828479457628,36.67840131301516,12.558337507364646,12.531431658429225,0.8185209320711799,62.58669141088021,353.78729248275545,8506.767678758248,Normal
2.821687762090761,33.557016009703915,11.490755190401996,9.957445293527227,1.4337050844189938,56.43892157805214,466.4353674239931,4432.941062402785,Normal
18.69867263564074,54.42087963277281,14.720476377963964,4.4944500036882085,1.375396591784821,75.0112026062098,493.26388429911196,5486.13383348007,Normal
11.500684705123495,28.954869947369883,16.673185707883434,8.735209181675248,3.325146728874839,57.688411565803406,448.3982293951527,3801.7913826605272,Normal
15.764484581071411,26.31500137998508,8.952642302258731,11.46145496825507,2.3302899456165918,49.059388596115475,373.91715415954167,4472.7128972850605,Normal
12.985113774659293,20.957669035711465,19.345696064737368,12.451861521898396,1.7882661974556058,54.54349281980283,189.2310612385597,5373.4008655949865,Normal
19.245899565979546,17.61284795306596,15.378014210008198,9.436048410222325,2.4987194410697233,44.925630014366206,476.9236208037128,6269.456093461595,Normal
5.93817286914695,15.066338548787096,3.648322480128538,16.12711556240421,0.1,34.941776591319844,522.1728666217593,5478.642251035361,Normal
8.263638036872075,19.334432241228978,3.248451357617814,14.030043083946236,1.9568664103590925,38.56979309315212,464.455841198398,6888.672274002104,Normal
37.033976896226385,29.151835420175143,14.926084242424132,8.97338353440099,3.9975141778047627,57.04881737480502,312.03575726324937,4857.552034110992,Normal
9.700619349807752,34.011541541972576,13.674196093281875,13.000487248547778,2.1323465064026728,62.81857139020491,467.3794393667758,4501.747205241492,Normal
11.225715372362883,30.61370470262594,14.3794793185522,17.735173940752748,2.0679131691693353,64.79627113110021,486.05297079614456,9055.97766091908,Normal
34.69530822657051,20.813576670843446,14.832105260818691,17.841938403132108,2.548128379642196,56.03574871443644,555.8816247799086,5591.356474163046,Normal
43.24053735392326,40.80221476823956,16.353359037061082,5.08800047671001,2.8956052433143453,65.13917952532499,312.3890075772042,3920.7776810321784,Normal
10.627466969397267,38.87295206761137,20.685897659089797,6.293867555371397,0.1,65.95271728207256,377.35454154558613,3958.604356627897,Normal
17.054008345695756,28.084220310935795,8.333370594494651,15.939675146935404,0.31767351820897316,52.674939570574814,474.7272051143455,3585.9801282029894,Normal
22.732444407524078,22.165006264023454,7.968170442595231,5.766875796649451,2.2102912910861465,38.11034379435428,405.74100714381575,6404.854033785182,Normal
33.82958115524474,36.581135049957595,8.440056852675704,4.709835466833284,1.2851234381024903,51.01615080756907,288.2672397948725,4453.434060660137,Normal
12.105143372574101,32.25568304983325,16.733500003012242,8.055223477203812,3.3120252622199144,60.35643179226921,441.4616285026703,5191.043713484729,Normal
18.03777723246312,12.622472887019427,22.469684271878673,11.680906837898343,1.684825610114776,48.45788960691122,457.8661633815167,4904.736988342597,Normal
26.218700608493954,29.18423692818714,12.411963370562937,9.590413173555614,0.1,51.286613472305696,408.7962896331002,6097.238611911402,Normal
23.478128595732947,33.14442974489257,0.1,7.397745518377631,0.731986083156003,41.374161346426206,421.95849271799443,3729.88386067397,Normal
16.990751430159207,19.203662562146953,4.776042824337747,7.303150153101964,0.1,31.382855539586664,374.129409831427,3386.6415707854767,Normal
18.92941628387167,32.278120714049315,10.00177966322393,7.150651742349165,1.7658744627170875,51.19642658233949,547.827893571606,5336.445960772391,Normal
9.000833533040145,12.542130176906532,11.653626675028711,6.48196148536423,1.8116158727356166,32.48933421003509,309.93078162873235,5901.438927049845,Normal
18.09461004820268,46.03423320014605,12.549668236471641,19.126531509104247,1.5755372902181022,79.28597023594004,341.2679237236221,5498.798469646461,Normal
17.86890007992836,44.97539982071318,15.231486737885502,11.19004428474222,3.0788790390297387,74.47580988237064,401.09855135275257,3785.8194063540086,Normal
21.85735911701005,26.969791988364424,13.129522015065318,13.547036217618954,3.1985198365166934,56.84487005756539,487.8954027700893,6016.227263137091,Normal
15.557382249447873,34.36145205406888,21.296037663260442,8.043690127524306,1.8296115766438887,65.53079142149751,250.26268299054632,3884.2086093565485,Normal
23.77230818036111,1.080936410401499,10.943896165911788,9.256173291255804,0.1,21.381005867569094,268.9703250234561,4217.692032820425,Normal
28.10172654255863,16.123828076816004,9.826092243146743,7.1457840745185806,2.6172815804922585,35.71298597497359,196.2271492265282,3584.0697129169967,Normal
21.243434621347728,26.474652958174442,17.87325323112277,0.1,2.5553602285085755,47.00326641780579,403.2695225253271,6951.737522978046,Normal
22.814051267193626,17.13440374287769,5.786147580443284,4.487962892608535,2.309391570156945,29.717905786086455,288.1694182793456,5950.132311541023,Normal
20.425242780622938,38.57275779156791,17.338150231920014,2.757525280078421,2.9814797493081158,61.64991305287445,361.54498899820834,5907.49006351831,Normal
20.000675144731314,53.96755836897593,15.615319102357601,1.0008648881935702,0.83517190353896,71.41891426306607,466.1378189891708,6870.817131713676,Normal
14.22753573165722,15.880623366848376,14.115345060490995,5.218564102807589,4.008755386185139,39.2232879163321,335.84572792171537,9218.973872358085,Normal
22.531954093386464,19.950439150977687,24.529656642895574,15.299822717526524,1.040572246858132,60.82049075825792,423.12820227433645,2436.1608441347666,Normal
19.221707212692085,32.82538041971917,11.266755328231692,9.822255329182582,2.7492229272008544,56.6636140043343,370.0662092248278,3892.4351286843375,Normal
36.74534647144476,49.333393781995454,27.36178902314447,15.162255049284695,0.31265230558664836,92.17009016001127,467.2114315096437,4075.737373738214,Normal
32.58683921980194,15.331508249521162,13.647411304631405,11.643930307603501,1.0697353127299492,41.69258517448601,447.51280673480085,3723.770566425961,Normal
23.086772420452007,32.9884334676833,7.3379013301786316,13.130235302860637,3.5163686467253363,56.97293874744791,330.80663038253897,3383.625128594431,Normal
13.895542322441859,51.855586209757305,15.419517485968951,6.3964120187816995,1.73910017699915,75.4106158915071,383.13482465995475,4550.520403916951,Normal
11.100708224132656,10.178890221848793,8.54252879808739,12.095803816770683,2.8399226051327977,33.65714544183967,504.37433977204944,3175.094427065893,Normal
29.52914362471092,14.627169517850016,10.489464913118999,12.914856936297383,2.236955388719246,40.26844675598564,439.3376870254097,5502.56355130612,Normal
22.10199380117711,24.91672072246994,17.38219980009295,7.693410831065228,1.8950418439998273,51.887373197627944,260.3037942248868,5077.547482142922,Normal
23.841147227132886,23.75293904573507,18.33349253190075,12.238161482464665,3.36385032493269,57.688443385033175,465.56180611713825,5721.542997145483,Normal
6.043312104206459,39.751215453043734,11.266993798474452,12.264751034299332,1.7633411753480996,65.04630146116561,291.5389377563762,5761.592677457379,Normal
27.419507852465447,32.899916637850055,20.924430870278403,7.801789515479669,0.2192618924365295,61.84539891604465,541.2513069961005,5904.510280140014,Normal
23.635362705714904,8.70045528429446,21.945046548126804,5.50892627091602,1.196759908048295,37.351188011385574,502.4098839841025,4439.886594764176,Normal
11.116554524684176,36.18492483480973,23.617810539379747,5.263486672406911,2.5511917287016943,67.61741377529808,428.9885475918401,8181.715103950501,Normal
16.227801540400407,23.069533351732193,18.176480442754333,10.346022167685847,2.3955091063625082,53.987545068534885,415.72328434361935,5351.646674723147,Normal
22.109737634852156,45.29336660329487,23.18057227251419,11.308039475157258,0.4329417497645618,80.2149201007309,379.096774397258,2206.2728710628076,Normal
20.41973438684995,22.468949562756965,3.7152094321556532,6.829896678168343,1.275657480591799,34.28971315367276,467.85239514000284,3496.436381350674,Normal
17.66263051357156,22.36061660277317,13.092560708229225,10.106341365304395,1.4182786507977534,46.97779732710454,362.92218305379384,2389.2455164582766,Normal
19.172093855472312,36.49357932965438,9.797968462059442,12.282148144553942,1.634530405885775,60.208226342153544,423.55698706398937,5026.001943726961,Normal
17.984180974344916,39.15511778804324,15.715355166764352,12.472762858661204,0.6240864113984486,67.96732222486725,487.1934366519451,4817.292163919999,Normal
21.220500096819748,35.37719236723444,11.571304684819577,16.207520480489954,1.3716288918805213,64.5276464244245,343.819345647441,4297.361453150814,Normal
31.771935783945256,9.7728321913823,14.003052948301606,15.107923328792173,1.2713895147404726,40.15519798321655,338.38072600093057,8016.389168600772,Normal
0.1,36.456413279139014,26.2930492812243,5.994834268973824,2.7715332597619193,71.51583008909905,280.56345192755407,5823.474311115367,Normal
18.105197883922525,17.588303379907213,13.98168122147773,16.73434483815209,2.8091213109902435,51.11345075052728,293.5527253873828,6089.147542169501,Normal
21.412099370979575,32.82331333905916,17.482753903141283,7.8760939817771405,1.854189541911184,60.03635076588876,217.16046885584976,3603.389768086845,Normal
22.367951917496796,12.915186775211279,13.60638402045459,14.17949124981771,1.6079602041292684,42.309022249612845,472.98287890155297,3501.2826630034815,Normal
17.02468334942968,35.355865770516765,15.454279727741001,10.271946504204355,2.1399243120391134,63.22201631450123,580.8914542082771,5055.208248645432,Normal
5.946225740171339,20.32081314831153,15.036100082616429,8.35140248617213,1.183424892544425,44.891740609644515,542.5328943470306,5259.510709478339,Normal
22.623963869712878,14.60838419687374,17.689944395838957,2.769212560900269,0.8531679178325591,35.92070907144552,237.39155113734836,2215.5326493283146,Normal
33.818801713313476,38.56584163778879,21.991845213283064,9.313741959134607,1.059778791074283,70.93120760128075,472.48546715562,4729.539465725699,Normal
7.729108760670899,32.899734260121015,24.884363985619977,3.762467058777564,1.3651868360285433,62.9117521405471,542.2106349923556,5021.108124310257,Normal
26.910624109585505,22.632278383285232,16.857720491455,13.86919694337109,0.8365262002077289,54.19572201831906,354.3190019261336,4677.276251343306,Normal
17.37179821501685,47.41414618825277,18.537281316213612,16.067170628556994,2.162059559062875,84.18065769208624,410.14474306500495,3779.9143814799854,Normal
19.509405233369222,24.71217094116309,8.094812944886598,6.812356042813239,2.7297156737837085,42.34905560264664,199.21069491953295,4190.697227118289,Normal
11.576811914368408,30.385292087651216,14.472739545506277,11.207882970077085,0.41290169920175823,56.47881630243634,426.6736167976642,4734.711209640806,Normal
17.324350621152988,33.22696137214321,20.641736789301532,7.098433911968098,2.025128711216033,62.992260784628876,293.6440270565283,5136.200035415071,Normal
30.400356757591666,22.564008790456636,20.19581183050292,7.486061079452842,1.7800642047336643,52.02594590514606,419.96350179115143,5907.187373825852,Normal
24.661241935901657,35.653635520799156,16.2696583967703,13.097978815461484,2.341508685536803,67.36278141856775,243.87970778111196,6621.284307426307,Normal
33.85849284327955,23.598571834023307,20.318363757407717,9.84584695262635,1.987061231896412,55.749843775953785,454.2858224477596,4558.478414709125,Normal
29.419295111821548,25.06034013340549,17.944600253962914,16.958592167724046,0.5464007200683692,60.509933275160826,502.451267542669,4315.765705826963,Normal
23.51269343143661,46.3517116776401,22.20183754955593,8.071070085188316,0.7376107011428346,77.36223001352718,321.68201382848326,5656.483510301459,Normal
33.95147620934234,17.512967369850802,16.736154941742665,13.997345329897957,2.0294235755849725,50.27589121707639,286.30774185895655,5916.267374616282,Normal
23.51194526990639,1.046636028846116,12.865810106573793,10.389653651831129,3.0287809197455093,27.330880706996545,184.3976957450019,4348.699350111671,Normal
26.623905414376473,49.331243940142734,17.015047541598143,13.183112038976933,0.1,79.6294035207178,373.3586465924823,6185.590215449258,Normal
17.627432371722332,60.591935431284035,0.1,8.211369370680213,2.34572657980158,71.24903138176583,341.8406065718395,6469.378011733959,Normal
75.83372931317346,70.12455797311692,32.39912452903301,105.14329055671726,78.32944842050017,285.99642147936737,421.78192240626777,6128.633543773765,Low_Energy_Discharge
85.56641813439646,115.85965615494206,16.514159294666083,163.29407719166943,80.15968581355102,375.82757845482865,744.9892326883871,6370.901430913421,Low_Energy_Discharge
32.67167722681123,53.24007644761395,20.807494333881237,98.3206639909523,114.20628436810208,286.57451914054957,617.0485105169106,4136.661324386245,Low_Energy_Discharge
50.27796418665022,70.48662232133121,29.070314180512096,165.93025698063954,116.22275084933602,381.70994433181886,347.6474618649273,3527.5795497624413,Low_Energy_Discharge
50.2255539323732,91.44447377173607,36.85507786622517,141.68781142897024,70.12371804922975,340.11108111616124,527.7088923674023,4291.644570795677,Low_Energy_Discharge
48.03852862934985,88.506332023607,15.3852122148135,129.78727701949398,73.58140568417565,307.2602269420901,350.21726728003483,4206.685782911058,Low_Energy_Discharge
37.014741607797276,60.29291044298413,19.86530621013259,125.82059221342381,99.92876906166907,305.9075779282096,236.8358833384535,6457.9188298446625,Low_Energy_Discharge
20.28875993537857,0.4152824260659571,34.57644177074274,113.00127853143287,62.444346532189655,210.43734926043123,572.3413101197556,6761.574480470483,Low_Energy_Discharge
51.85358892058007,72.91757046621166,7.822405798468573,161.82560480837063,97.65920455212208,340.2247856251729,589.2111415972261,4951.791536748159,Low_Energy_Discharge
34.63288680904175,4.513143534423683,28.220648564430576,85.38628671592663,77.36280537892355,195.48288419370445,575.5262701257479,7489.470430118963,Low_Energy_Discharge
51.7198696149525,96.74843077353077,11.853475741109934,55.122994926791634,50.91804266784138,214.6429441092737,393.61617009365125,7389.551030024208,Low_Energy_Discharge
34.11912916602293,64.23684677983151,20.819778936825255,144.577604915699,51.2948986136106,280.92912924596635,429.98691191976167,5589.4382662408625,Low_Energy_Discharge
28.00683308311317,84.99185049679973,18.059047620797806,145.2495331226859,123.41176088093306,371.7121921212165,539.9718664389748,3884.973165531136,Low_Energy_Discharge
54.685967207537956,37.447221545473724,12.335907194390167,139.20964610047068,75.30735562570104,264.3001304660356,496.97952448177284,7720.602639096864,Low_Energy_Discharge
53.01843053612992,21.187313167498644,12.1351845787338,136.30913478472155,129.21062281694932,298.84225534790335,402.7635034443547,5102.372238354546,Low_Energy_Discharge
61.58563942641866,66.51885960352918,22.211314914030037,107.17838486649809,64.5909121785527,260.49947156261,255.71138158582025,5401.864314289559,Low_Energy_Discharge
93.71727532835251,59.15991400109645,27.964314625301455,151.49930817542102,88.73615603394481,327.3596928357638,463.66502329704144,4656.63195902949,Low_Energy_Discharge
55.545790624216934,47.71147934607086,18.962110374491974,118.17767492981837,151.78030169054725,336.63156634092843,579.4811567083336,3776.3354779244837,Low_Energy_Discharge
59.70163534128259,62.11653201831909,20.56090526986573,100.51545756739287,48.278397660101625,231.47129251567932,306.28940531590115,2850.176911495533,Low_Energy_Discharge
28.448773422653492,129.18589730080652,24.56939253032838,107.52434750978401,23.065565003006704,284.3452023439256,526.6511258011172,6212.589317691661,Low_Energy_Discharge
24.26185118927251,80.86313868422644,12.227049815896322,200.82558795103327,118.597703938617,412.513480389773,489.78500341604314,3946.5583137654075,Low_Energy_Discharge
81.65658893546667,86.23746514658298,25.917540067303385,50.60095671818269,55.19572683820779,217.95168877027686,540.0177915878801,10095.249966394917,Low_Energy_Discharge
31.530404401333925,81.09842228883389,26.554744776477975,139.99152417183194,79.37880907681298,327.0235003139568,554.6370599662808,3462.2822678200337,Low_Energy_Discharge
29.121118570627157,96.98655359630482,40.829010390003276,52.83558289505132,62.42245368645246,253.07360056781187,366.66417096895765,3188.188040029808,Low_Energy_Discharge
49.21802157566894,55.24820817748138,16.991166475523343,115.67066646708108,88.04488342865949,275.9549245487453,255.96487198020645,6016.221944981506,Low_Energy_Discharge
48.196151732452236,8.630967308117654,16.33534558665498,102.6549005938325,51.483913784427735,179.10512727303285,385.9776569180545,7646.901566347673,Low_Energy_Discharge
31.949869871134165,55.285346674849755,26.151726972589962,36.59886813280488,74.60179736350082,192.63773914374542,556.6952781032409,5303.343451109155,Low_Energy_Discharge
43.900535625738,80.29339274991254,26.552833351297107,135.56150361735052,93.49445979669602,335.90218951525617,384.9595315768835,6115.587872299639,Low_Energy_Discharge
74.58751435300209,35.75499012212316,15.719302772986303,104.79847751231216,49.750733411772146,206.02350381919376,366.714801137083,2250.3241320660645,Low_Energy_Discharge
33.88012782336405,55.59085123776674,16.77469858455961,36.03174629755024,58.99747911062333,167.39477523049993,231.4379589690434,4115.981526893173,Low_Energy_Discharge
22.126550312676567,42.70575642494217,24.329046705744325,153.5827236309701,69.57851499204405,290.1960417537006,660.3177065461127,3482.2148333798928,Low_Energy_Discharge
68.85187241799585,97.55073129607825,13.379326074122709,177.4002471195574,37.13553697321166,325.46584146297005,549.0856369710372,2167.9266400833903,Low_Energy_Discharge
59.84593823876074,78.7364253851641,16.715728095879882,179.60497369186288,67.3231705160376,342.38029768894444,542.3875177529717,5387.168374438219,Low_Energy_Discharge
37.58962758702677,76.28851551609898,20.716742138947478,134.35825762605884,83.56389619708706,314.92741147819237,566.1270464135368,1611.4758054233066,Low_Energy_Discharge
18.356659677461643,75.54003282802428,27.967509478578066,121.84232554308463,68.01353175234715,293.3633996020341,519.2050033852082,3084.486454260082,Low_Energy_Discharge
35.10753287122874,59.068768686196826,15.163211070563673,173.12626483583188,71.85870521204826,319.21694980464065,420.6805373784565,4340.489929578531,Low_Energy_Discharge
48.90591126301457,64.93890706318759,5.260924303754624,187.29534341360392,79.40294987280244,336.89812465334853,430.3483075053358,3869.942662478278,Low_Energy_Discharge
73.31344179767638,30.37038548669206,4.667220259854313,165.342748115025,60.32769612703058,260.70804998860194,398.692276248945,5834.253603531308,Low_Energy_Discharge
29.26836050260686,5.33895053123581,9.924695466350933,82.33849591080795,100.73187697600632,198.33401888440102,766.1688905298,5688.928307043968,Low_Energy_Discharge
48.30960236977053,63.7520282586256,9.494658254400502,128.05379412859688,123.07934374405328,324.3798243856763,516.7094437559331,6630.07799349673,Low_Energy_Discharge
63.50289319789796,68.0997564068036,18.763113931040728,137.58064577165715,66.06858823413654,290.51210434363804,394.34394703782783,6403.8139723402855,Low_Energy_Discharge
2.374653197561585,90.23161421063443,10.48895877121916,47.61532124331083,94.55594694433121,242.89184116949565,505.85961289995356,7025.30046297821,Low_Energy_Discharge
70.67572335877799,99.2833954020592,14.377960321430368,138.77442638483097,72.81148533696059,325.2472674452811,328.6957298572419,5196.930559985513,Low_Energy_Discharge
26.350988555871254,99.24996212497368,13.807312920143602,210.91967303917556,90.96462035115515,414.941568435448,630.5408062307072,5685.547041306671,Low_Energy_Discharge
56.63990986913869,35.04941016765305,16.47593711321605,145.59744663203165,126.97338593609763,324.0961798489984,370.6717085031432,6018.421923070706,Low_Energy_Discharge
54.93366299221488,51.19337412625577,30.580034652184978,178.93652325767025,95.25978629054296,355.96971832665395,510.1302519146959,5426.650715825641,Low_Energy_Discharge
71.6917278292769,72.00835739703449,25.29558071544413,127.3165892051482,26.797563835709582,251.4180911533364,577.9173155691761,4564.489104132682,Low_Energy_Discharge
61.018487617870804,123.29761694355443,20.129035322208033,117.07126704064714,93.61986894340876,354.1177882498183,496.1722253045991,4668.091945056368,Low_Energy_Discharge
2.4541901654003766,97.0024800928479,16.311789755353296,135.25085560323902,116.98591229927027,365.5510377507105,461.3363990183566,3891.9065626720553,Low_Energy_Discharge
34.304415056880174,87.9849290499595,16.53413874701583,87.3669340806227,73.35211490005692,265.23811677765497,451.2962501827218,5874.5869278557275,Low_Energy_Discharge
52.7641025870656,50.30530111126774,22.621971759615597,81.44899251062446,109.86904418353497,264.24530956504276,443.2270683735471,5049.5757214637515,Low_Energy_Discharge
46.10040227760426,37.92000922112189,24.67335258681832,170.65218228677463,59.29653376544162,292.54207786015644,380.79618132869973,4138.921998981176,Low_Energy_Discharge
59.55221459513541,79.72269708458099,12.739059951195197,174.89369371466074,35.43382521433179,302.78927596476876,396.06198842763547,4140.408289080651,Low_Energy_Discharge
65.7873311133941,32.483468394141,20.291846044913854,80.35574737650597,84.23507056497921,217.36613238054002,627.5508448381122,3263.362035547538,Low_Energy_Discharge
62.16903472859358,54.039091225492434,3.7470434506957844,158.71995218215457,27.305698377610575,243.81178523595338,436.9756040777812,6766.146145979519,Low_Energy_Discharge
45.7145011489107,57.130551274951934,21.693710273364776,116.52160097575916,72.80686961319225,268.1527321372681,355.70444767406724,5325.78827125086,Low_Energy_Discharge
13.073259777590394,99.8228022280702,26.097193935669488,133.59234297961723,118.60526787936509,378.11760702272204,388.04428837661897,3819.5199686827677,Low_Energy_Discharge
40.890375022903655,51.13256742600806,17.759450984953,138.40874557740253,22.707112827611574,230.00787681597518,582.0444816836667,6493.676399363229,Low_Energy_Discharge
58.327362962779105,0.1,34.53221596912084,159.77401872497273,41.61509612258306,236.02133081667662,531.0727959797374,4303.281904329004,Low_Energy_Discharge
28.19105494899045,72.6111161915617,12.950092420511597,123.30872807452755,49.03903264515267,257.9089693317535,517.2395013878709,2949.5989967804276,Low_Energy_Discharge
62.62549460243153,42.52445367240184,21.73952332242609,176.40647981207744,78.10040420867121,318.77086101557654,419.09745613082504,6833.955662750613,Low_Energy_Discharge
68.1678659453461,61.06577561094367,19.713402026672355,132.376513590397,69.02849643061373,282.18418765862674,518.8034964207534,4340.644816694219,Low_Energy_Discharge
52.53733952591685,57.83238247894691,19.197618660452733,144.9673708987813,121.97409145088261,343.9714634890636,372.77266500592225,4545.761455665936,Low_Energy_Discharge
0.1,53.15740010455579,19.08542265596202,86.66949633851014,108.63044987275092,267.54276897177886,418.84631623850703,5265.888032558684,Low_Energy_Discharge
24.438232745763933,79.7585145446176,20.856840240075773,206.34636042819335,94.85818838205793,401.81990359494466,566.3765384870095,7028.142756464184,Low_Energy_Discharge
87.72378317112162,21.67837804118232,26.783669947709598,138.79299692819865,84.36890943031655,271.6239543474071,554.9133214702878,5232.0596653860985,Low_Energy_Discharge
39.06924413943244,47.074644376140995,31.021889890197954,148.51989701380398,91.79689330954481,318.41332458968776,332.1708184859036,3281.4125981676316,Low_Energy_Discharge
10.317135537420079,77.10094782793453,19.98199804396674,55.672567551538336,54.140529340598746,206.89604276403833,347.3368256509709,6070.203206579488,Low_Energy_Discharge
74.70494776620545,44.64788061639079,26.522528577373066,87.09191907683595,105.71631060669837,263.9786388772982,463.04425833760916,4424.016441181242,Low_Energy_Discharge
50.26711183087346,19.779832268250708,14.385864429865741,169.51534751674922,46.63867236922397,250.31971658408963,657.1358849603412,8220.678354447145,Low_Energy_Discharge
72.09880977915451,76.7138835814184,26.127643621809863,131.4756447317042,105.06130981706693,339.3784817519994,220.1321802637207,5198.208444803376,Low_Energy_Discharge
55.53917350438731,88.07736576103848,13.904067809384077,43.448810606842954,115.58427506356493,261.01451924083045,483.3999527484605,1623.9432033621342,Low_Energy_Discharge
59.17118272424338,58.87511980892484,28.725279488705056,161.53159715935277,86.32593806264262,335.45793451962527,284.87480021122224,5771.783955449078,Low_Energy_Discharge
57.26018495429033,10.978860038261686,37.68512701914592,98.24868782589107,74.71360823114073,221.6262831144394,373.8802807769345,8311.356467616366,Low_Energy_Discharge
63.94976623842,77.6492436674704,19.023328896228865,176.4526794350685,92.0092972492902,365.13454924805797,406.268589832291,7721.4724616726235,Low_Energy_Discharge
95.54860897112196,18.5028029645078,2.459652073540731,116.48657285585202,0.1,137.54902789390056,399.53899878757306,8129.526862010504,Low_Energy_Discharge
69.42012671918377,67.71998192120414,15.615416534041415,128.1882674408212,89.06774655456384,300.59141245063057,385.944487240895,3568.3837033896584,Low_Energy_Discharge
18.3932136430893,37.813404381446006,29.855001074314426,167.15818314366595,76.59938006480579,311.4259686642322,450.8648472451644,6659.443833562846,Low_Energy_Discharge
58.933230305578064,31.004017855825868,24.42461429620196,84.1002811658135,78.48115660829026,218.0100699261316,385.7693320043306,4044.8087364212615,Low_Energy_Discharge
72.82961536206436,48.95224957300775,21.991308789400236,80.28612768664242,101.19597538693483,252.42566143598523,274.5051138175017,5558.863039067079,Low_Energy_Discharge
74.05401613072291,55.417561089318504,28.069346847638712,112.1400631840757,77.75693235305816,273.3839034740911,543.5843535027332,3163.276114016428,Low_Energy_Discharge
41.46790033881801,43.8947937403388,23.875627513987375,153.08691198484888,45.79379430046526,266.6511275396403,540.3446600578657,4168.870776187654,Low_Energy_Discharge
73.29888890376256,74.71758195537876,29.74180149960909,66.76490989546038,75.75791987523866,246.9822132256869,551.1809172027203,4118.005284218216,Low_Energy_Discharge
68.5548479910241,48.848265538529155,27.355389413175885,53.27861600443613,82.02666452242474,211.50893547856592,265.11186044831015,6637.688448228186,Low_Energy_Discharge
101.4503487393946,84.50477179179555,32.17360362189567,152.9488370817517,83.44801734743038,353.0752298428733,485.8701783100981,6481.150594671449,Low_Energy_Discharge
34.999965275029766,67.02932914108699,22.870368671250034,95.88086749731985,84.85758101855204,270.6381463282089,531.1174626968308,5642.911566929313,Low_Energy_Discharge
39.8519884719915,42.5610698350923,27.242075211951637,104.31095948318868,111.1810713475566,285.29517587778923,326.2557517872498,3039.325731111383,Low_Energy_Discharge
43.87761903080092,38.351502904192856,17.542983415313717,45.727583922393364,47.41896340897557,149.0410336508755,451.1007897818555,4701.376905680448,Low_Energy_Discharge
40.19555699922449,18.812592523814033,15.188313507527953,92.84082742592071,85.2710136849455,212.1127471422082,436.0480025627561,4006.2136272916387,Low_Energy_Discharge
32.199585004727936,67.26832944667056,33.654141123351785,119.69730813475397,118.69789095854722,339.3176696633235,671.0580790281916,6591.481210711186,Low_Energy_Discharge
0.1,51.13531131871605,21.729637410581503,157.2151143049157,27.96165509188414,258.0417181260974,680.9395244415088,7085.095764507495,Low_Energy_Discharge
41.30601052553732,0.6951117984121424,26.439044526899032,89.15079335061445,85.38940042340161,201.67435009932723,250.2772328003759,6890.216937649413,Low_Energy_Discharge
57.38716119399809,46.607128180764995,20.98992011529112,186.29504480929987,62.4386449408087,316.3307380461647,749.2712406873587,3991.6489289327674,Low_Energy_Discharge
40.135563089881785,37.4741492686262,15.307874792640286,92.61775903280798,68.87868846580685,214.2784715598813,340.1729134616011,816.747004336833,Low_Energy_Discharge
88.7076236705822,99.39193980426651,20.08786314065921,92.67632793659301,52.85577490356734,265.01190578508607,567.6807953192911,2372.860962991913,Low_Energy_Discharge
50.26751625431725,17.43053470266726,31.487952142141715,181.4943020759121,74.91347852898667,305.32626744970776,566.4597577036477,7474.603164931534,Low_Energy_Discharge
75.82058110368271,23.966230006648658,24.44192059423539,128.4584060945567,135.23766843280714,312.1042251282479,330.5171727789832,4557.992097088281,Low_Energy_Discharge
55.228408254599366,87.7492410776425,6.308214722156327,97.91901083953694,42.067089164683594,234.04355580401932,509.1921352606919,3998.84061077582,Low_Energy_Discharge
66.52814619786515,93.91907893659908,18.27804434739076,113.79467475277626,44.911699925635176,270.9034979624013,437.0959506880723,7828.256469497974,Low_Energy_Discharge
55.58483107867124,41.37542653185896,34.258350341637694,174.12294310168238,40.94196289509486,290.6986828702739,516.5196005558869,7224.255912781323,Low_Energy_Discharge
77.37569263807126,44.19785442977722,18.28962510520035,178.64811278502728,131.822548598843,372.9581409188479,477.6806762856751,5239.117955071659,Low_Energy_Discharge
51.11878700264801,75.40588491383282,5.596170466126555,87.32827282918976,66.1298088343614,234.4601370435105,593.5607382444297,4730.555054297642,Low_Energy_Discharge
59.92241416177571,1.8225050763672428,35.14439108338035,118.30264759683567,79.23082818956978,234.50037194615305,459.0479451775275,4988.638059499,Low_Energy_Discharge
57.32665867300088,13.470157887361097,25.45914007850234,123.60627310670293,67.9165117668128,230.45208283937916,429.85511166884265,5563.460477419946,Low_Energy_Discharge
44.23429083745362,52.981664978732205,19.439897129497595,80.5503955793361,51.66731364790726,204.63927133547318,581.5277079668616,7760.075650111373,Low_Energy_Discharge
92.6740227271168,120.01507139228485,32.48813885982477,216.53852877089525,291.31595879808856,660.3576978210934,457.5255006670241,6767.542621221701,High_Energy_Discharge
101.78087099117424,56.96724109241408,18.332491497931443,204.10642473132648,148.16389256492164,427.57004988659367,545.4652827425496,8993.560490527363,High_Energy_Discharge
115.07810327210514,112.49950366949624,23.467690397417858,343.0796651445179,270.6369862613804,749.6838454728124,518.704591647702,6798.2056710396255,High_Energy_Discharge
44.909719969267435,138.20542667821152,16.758692786605234,225.50383368227617,104.8785927853889,485.3465459324818,461.7253737467818,8131.238501585149,High_Energy_Discharge
102.64585677422129,117.03864915022493,12.512573892922884,338.3596020164454,275.128048225241,743.0388732848342,269.55915289336326,3977.0161548808046,High_Energy_Discharge
71.16293736015166,104.86891089165572,28.33549011636205,284.3172312901759,171.570644817031,589.0922771152248,278.41880548084526,5925.383707650762,High_Energy_Discharge
4.517144126817016,96.64407391019103,26.855133065847436,222.57242776721307,128.00470313411114,474.0763378773627,412.4169591361672,3802.3121361350986,High_Energy_Discharge
16.15491374042564,70.78020965299744,31.876524845090128,288.3752424478024,184.79994708465802,575.831924030548,498.75801741056193,5090.022017953583,High_Energy_Discharge
49.45647165443943,97.4800492646074,30.461118308924473,275.63596110768304,219.41409258041503,622.9912212616299,408.76280792013245,6889.9806592345085,High_Energy_Discharge
95.93669685777745,144.0897048508142,27.42644271323862,331.67062568019793,165.36760986320016,668.5543831074509,593.7817895869198,5683.277103585938,High_Energy_Discharge
83.41398696020889,95.83400226899562,30.566166656775543,206.13235697079853,238.77674541967266,571.3092713162424,458.11686211824747,2957.246159317801,High_Energy_Discharge
85.53100121526992,68.85686037280564,24.573169037725233,253.29648534252956,159.19042814351528,505.91694289657573,355.24809128307345,3132.947610032044,High_Energy_Discharge
138.52830448060075,82.77135189321149,29.128913952224007,245.078745631629,243.42606757519505,600.4050790522596,458.2855560518136,3013.9049233166074,High_Energy_Discharge
41.92731155420563,107.02976040465755,17.738555973136403,306.3318513311828,230.95554434256198,662.0557120515388,533.8789754474828,6384.614661891263,High_Energy_Discharge
79.17699937448829,86.92701009867035,28.6970592563913,167.98566444446595,195.73538617044454,479.34511996997213,548.7327078236876,9215.010164182004,High_Energy_Discharge
89.13306568441448,116.98561490720992,31.684176852860094,331.3581638590285,169.1032381343835,649.131193753482,781.7568697989693,7952.424839200383,High_Energy_Discharge
57.91180650384993,118.29953162621607,18.30318571927797,287.3063017736333,210.60785570356865,634.5168748226961,399.6635989994871,2087.226641537084,High_Energy_Discharge
80.84980235248823,131.11441131416268,25.51832098992847,144.6459941093643,238.51776201235896,539.7964884258145,488.97820076143995,8057.936688525611,High_Energy_Discharge
32.001519977469655,149.82458152927614,18.763974903706405,346.66102603844,344.3259406912126,859.5755231626352,563.9185920229139,7185.520750626365,High_Energy_Discharge
122.29718651825084,134.85505535303264,19.73493303483885,428.7274464638185,265.75942952587263,849.0768643775626,496.4865561198777,2718.460098048236,High_Energy_Discharge
59.551563424086986,67.30163275482141,13.750706448978454,330.1467175639526,268.3192964871089,679.5183532548614,424.907278101702,4954.237089921105,High_Energy_Discharge
140.94200494335507,68.37629436983048,37.65774925166556,364.1587813781175,416.19585364021987,886.3886786398334,267.61142354836346,7471.9403406924575,High_Energy_Discharge
79.02577028247634,97.34799832390614,35.65685174720048,256.82971052820704,236.11709337374907,625.9516539730628,423.3748161420477,6490.7803196826135,High_Energy_Discharge
110.84160696197549,84.2088624966205,30.37433854227337,117.07960642091919,233.92504579181917,465.5878532516322,338.94463809232985,3143.628905701626,High_Energy_Discharge
78.40091393026538,60.158564556367004,44.721959519438144,102.47036390659801,249.2810552025158,456.63194318491895,241.00899783143325,6599.335880433149,High_Energy_Discharge
79.0776850321841,84.5407872039452,23.107543034316084,270.40656350942066,129.37238156882228,507.4272753165042,380.648173749412,1652.4989270549422,High_Energy_Discharge
62.479120003339766,83.39204732333363,55.317624151106344,202.6416953816016,168.92688545068705,510.27825230672863,342.9362418850318,5098.920083637019,High_Energy_Discharge
83.57371788098833,76.4853291083578,22.724705846367797,176.8338977338119,164.56815133153663,440.6120840200741,587.5679817939422,7548.322184920087,High_Energy_Discharge
89.53996083242143,88.94736798457481,27.551933517560165,244.98026528250597,245.33297840536932,606.8125451900103,590.163775612144,5533.109588028376,High_Energy_Discharge
56.4722447325446,141.2457797611416,21.02222086059792,299.24682302890307,187.8077806445161,649.3226042951587,364.4181065628688,4601.912410068498,High_Energy_Discharge
76.24866752420347,106.97333144372337,28.72325560060305,133.77939625902823,209.6756397832012,479.1516230865558,460.96570541553183,7100.823256790229,High_Energy_Discharge
61.69703401828659,186.51331766194141,33.356149278862446,214.08979037756922,276.1218234103925,710.0810807287655,221.2636006831197,7254.553267155847,High_Energy_Discharge
148.98992208844516,105.96778651068773,23.860836069469162,370.7896546496252,260.4205517092897,761.0388289390719,425.8490074725959,7858.07144716051,High_Energy_Discharge
77.30807690265145,89.8476979121962,42.76719847117621,163.97692958229004,188.6795297871127,485.27135575277515,559.8472851053518,7073.8163712034975,High_Energy_Discharge
126.35696455089678,100.14465089292031,27.391492846334607,319.5808949731965,153.10034321852442,600.2173819309758,623.7406834421154,7446.474629086864,High_Energy_Discharge
74.13133007576936,108.9772192455239,27.70485386110199,211.2215390760805,279.4692312157232,627.3728433984296,393.0429377463029,6819.235403387562,High_Energy_Discharge
87.77862924604725,115.23388850098723,15.910023054862826,293.6635007879962,254.1723826636906,678.979795007537,657.778229079128,5977.95156840965,High_Energy_Discharge
40.359077850641924,172.68489640506584,29.184990745503846,337.78620057622936,87.56202271932324,627.2181104461224,272.64621177297926,5661.116199574865,High_Energy_Discharge
66.58782224396406,70.4137837257851,23.659727791906345,309.3025413588017,178.07922427642035,581.4552771529135,312.85583012843114,5072.932505624676,High_Energy_Discharge
86.3160401236774,130.06661203622076,18.917602706627132,322.73276817711013,211.58608234117338,683.3030652611315,606.4492798456814,3317.7370724924936,High_Energy_Discharge
127.58011492879601,107.27127091649433,17.235255918516362,157.8725173273635,254.5180801984722,536.8971243608464,750.6681842844871,3780.4392841243443,High_Energy_Discharge
86.65948333028814,45.011579010028385,51.71763379756685,339.0927765393039,263.707104645784,699.5290939926831,574.0147982275544,4992.3739325166225,High_Energy_Discharge
121.51161083578998,126.97445737331671,22.365227498209645,181.78455082921442,219.87342008228313,550.9976557830239,493.94864201989816,5934.613887284373,High_Energy_Discharge
99.2218733060876,144.36682462813667,10.430145792187322,270.7633412457231,240.96732719511994,666.527638861167,170.72243802166872,8093.462676407674,High_Energy_Discharge
128.82204018394057,69.99882586778996,18.017785402674274,270.65969495977816,204.48957616647075,563.1658823967132,196.6329415934781,5424.764989824077,High_Energy_Discharge
78.22873348084833,99.68731462378102,24.484321605237863,288.8098047095665,152.83038182736075,565.8118227659461,519.4114305343803,7306.257323579795,High_Energy_Discharge
151.70668131955412,39.612600829730376,30.46667032616485,276.95653408481525,181.71149262711222,528.7472978678227,446.2905995643238,7442.768181577817,High_Energy_Discharge
65.43811391257631,55.94177391104822,30.547965217253136,182.49520171802214,201.3293830648076,470.3143239111311,334.1247226771823,5083.395764160176,High_Energy_Discharge
57.006144974069926,136.68103521660385,31.766145517765253,142.0106070163427,197.5724524986987,508.03024024941055,509.8298871245076,6570.442380466331,High_Energy_Discharge
43.69841450932898,83.6754222897398,18.551396933626705,319.7878943969415,68.00989668895707,490.0246103092651,517.2697051261714,5061.64952489525,High_Energy_Discharge
149.9307401467421,61.191895877168626,28.404404435015454,264.86676620151326,172.1761665549398,526.6392330686372,641.6623802810409,7879.844609341259,High_Energy_Discharge
104.58342717853692,108.03111275604503,16.239405358894217,341.95014727662544,203.93439571624063,670.1550611078053,520.4903424519051,6644.518008878678,High_Energy_Discharge
69.97637799859075,81.71556489991418,18.80357016985988,246.42136526497058,180.30410056660094,527.2446009013456,684.2591552501576,3357.1292415609605,High_Energy_Discharge
117.47068090620485,83.52124197785623,15.822910254997405,137.58685114584318,182.722334314189,419.6533376928858,501.19910443232203,5790.744373876924,High_Energy_Discharge
100.63076555353345,125.87641089862161,13.116111454017306,327.2903744803285,234.1593959563211,700.4422927892886,482.69975077889956,8466.601891282982,High_Energy_Discharge
138.98382414126772,59.33933243729787,35.64209488858009,220.37035122711143,124.47299690659563,439.824775459585,659.6468279370773,5173.784137815938,High_Energy_Discharge
33.56501501780266,68.31221755613586,31.886117009788876,277.3602765936817,86.03704502341522,463.5956561830217,353.2338679937848,6305.887054171122,High_Energy_Discharge
72.03919675057236,105.39279972521041,34.7666536997813,198.20324572163847,175.62811464143277,513.990813788063,922.1671179899242,6482.581907930461,High_Energy_Discharge
66.12435848171523,133.9293426761872,25.393130660242964,381.5441368186953,253.48800838512528,794.3546185402508,556.2886217250103,3634.0787815037193,High_Energy_Discharge
20.789519707741952,143.33561055214474,32.768076988651465,179.87481406534425,318.1287127640647,674.1072143702052,557.1243879256509,6419.274308584325,High_Energy_Discharge
111.80981614339082,76.72283978734319,7.387105953574551,223.00561967150603,254.7489767366318,561.8645421490555,578.7643960958897,2991.0967263376738,High_Energy_Discharge
71.88810332589925,132.80819384218768,33.63087518045355,258.59589621578533,97.22153680918069,522.2565020476072,781.5704712997464,4373.876608477487,High_Energy_Discharge
102.18893614959687,72.55501972853568,26.7711983000503,162.62541383304335,183.734293243626,445.68592510525536,618.876111750891,7436.301341489545,High_Energy_Discharge
150.79315802988833,163.91732714173799,31.271096001491657,276.4415622870076,217.96440667570707,689.5943921059444,259.24160314941145,6142.1613225550445,High_Energy_Discharge
69.40268924517176,60.318014110309505,28.80023299048613,378.9528381973992,212.43137818465146,680.5024634828462,710.5205577151256,4951.939946056252,High_Energy_Discharge
67.36541052028534,146.4967583777106,15.129448454631135,210.76302714450316,237.7513187060012,610.1405526828461,448.8655130832474,6303.629838241337,High_Energy_Discharge
83.55992509171988,77.02298626134467,10.019602246089534,281.611425522538,135.80657374774677,504.460587777719,516.0732609258985,5391.833954040763,High_Energy_Discharge
109.61742058950229,170.46362591781102,17.879458338170366,30.04516911691556,204.54601612855197,422.9342695014489,308.11190417371006,5522.6413042333,High_Energy_Discharge
62.9986092406955,120.69622550983695,30.64917281272912,246.88566396121274,229.42259808432902,627.6536603681078,578.9303027185844,6682.273348096248,High_Energy_Discharge
61.07115208603608,64.43942147071223,31.900914151753952,224.95661712590356,257.79696673125613,579.0939194796258,402.29385648986715,4190.738066813563,High_Energy_Discharge
111.71567810724098,81.72165321601227,11.320577226181372,184.5201918071692,143.59972833710455,421.1621505864674,515.025445699021,5572.605529998444,High_Energy_Discharge
91.35917971514107,127.34134218283096,15.189006325317854,336.51603757028255,175.83901929299714,654.8854053714285,457.38514919588255,4937.917249708024,High_Energy_Discharge
18.65815210985538,136.84255461654465,17.76764314059161,223.90050547009375,10.732762394866171,389.2434656220962,788.7519202603778,2645.9139257195397,High_Energy_Discharge
43.238246015926755,97.5249542896438,21.426949397331843,235.801801032513,156.4976622695558,511.2513669890444,797.3390450218385,3843.1796387512604,High_Energy_Discharge
125.03707591481631,101.56303983372132,11.379491691473477,219.8245700168743,163.290957492027,496.0580590340961,506.9769755322112,8322.771604714897,High_Energy_Discharge
92.05784849236437,126.54235614254229,10.779482338598674,96.65473025879388,128.629084428279,362.60565316821385,509.5966567053282,6192.501966253421,High_Energy_Discharge
57.13412206888253,104.6129449453787,16.78164703592446,159.44108479384312,211.5928505162856,492.4285272914319,443.98355504757274,3117.5410574774996,High_Energy_Discharge
74.88771028295054,54.727329923156844,25.862538362250056,326.8874788896173,196.08381975683122,603.5611669318554,665.900943725418,2727.3621234728607,High_Energy_Discharge
80.3971001840501,71.54590913759368,13.194056602465094,81.20394824960226,41.855028569567196,207.79894255922824,450.6620194499934,5298.104979800949,High_Energy_Discharge
102.07200080840491,108.22919801030828,23.84196490028234,188.69477203074354,215.08555785112296,535.8514927924572,436.7994088031451,8310.135759717668,High_Energy_Discharge
39.252098154236315,142.54188457741927,35.585528161418154,218.0223954968189,135.01731084476808,531.1671190804244,646.7889295497447,5163.835357352165,High_Energy_Discharge
54.77152583988626,156.55938484567167,11.9822026258649,389.48974938332526,233.99822714333607,792.0295639981979,419.25513570250257,7852.599196127228,High_Energy_Discharge
88.18867264590166,127.28352972700075,22.935542415894606,311.48830123970953,110.27041265899342,571.9777860415983,494.3367448327204,6133.475387473583,High_Energy_Discharge
77.0049625851365,110.05517663627273,35.247567337507725,205.42635783575204,202.1004576971658,552.8295595066983,262.8033827733511,6348.250824122609,High_Energy_Discharge
13.971353888345167,253.70479718353118,137.79768250178486,48.02273768075428,3.6420920183296714,443.1673093844,656.6882871489274,9151.543805842408,Low_Temp_Thermal
41.25027506099709,175.9137567719606,138.21193753666304,58.0675248505345,4.284634293000989,376.47785345215914,393.17777209405796,7194.64181066826,Low_Temp_Thermal
25.980815552716713,348.1552701148751,131.23417394902089,55.35080572253108,4.32505225956256,539.0653020459896,539.0155658121676,6073.467366150345,Low_Temp_Thermal
40.3571094433309,300.46401313168155,121.84813103259815,43.90264274013185,0.1,466.31478690441156,461.9340841644448,9565.47417026716,Low_Temp_Thermal
20.229960216166646,308.14982909571387,147.85647563291076,39.462936080256455,2.5378806402010197,498.0071214490821,720.3791297212883,6950.605350410371,Low_Temp_Thermal
32.12459217011895,345.2480543094335,157.40435044091134,45.08997020528998,0.1,547.8423749556348,464.24236523156435,4954.3249027038555,Low_Temp_Thermal
34.22403544725158,197.77629649233643,156.4491202076259,72.97484699645486,7.892635717820647,435.0928994142379,802.3320827413294,2709.3783062886214,Low_Temp_Thermal
28.1516002010896,239.819735281177,115.96888336216053,35.35984134188571,0.1,391.2484599852233,550.8558452675602,5896.7137652607935,Low_Temp_Thermal
34.85454231703388,236.28401348097654,175.47970919635353,48.74386553712089,0.9043195622603597,461.4119077767113,470.0792580810338,8886.60904293152,Low_Temp_Thermal
26.803235097689896,146.74027704675052,129.13842726929283,53.66684427996842,0.9187982903169907,330.46434688632877,349.3389475309674,12691.346723857725,Low_Temp_Thermal
22.211282963504647,228.91278798734052,145.29504770263193,81.20701859748917,0.1,455.5148542874616,650.64090205907,7154.02586547369,Low_Temp_Thermal
49.26580059352757,356.91035663014594,131.28351563339518,43.99383483527374,5.705187819513091,537.892894918328,779.0436804452361,5086.611212199239,Low_Temp_Thermal
42.58743439633731,268.9870483035078,129.88026829936697,69.17613312021922,7.844895802166992,475.888345525261,654.6642513073748,4037.586979289465,Low_Temp_Thermal
20.869623059421876,142.31509377240099,90.56992038998722,74.63958806530044,2.0485017613747654,309.57310398906344,1047.7663332828847,8379.887240763997,Low_Temp_Thermal
36.821331667135354,125.5328470668052,148.05403353379305,48.724914700187036,0.3591537063111798,322.67094900709645,885.9574904940837,2588.4598690393286,Low_Temp_Thermal
21.087853743586166,383.1820846998617,233.81177579630557,45.78562041846475,0.1,662.879480914632,538.4944470565969,8375.862753512221,Low_Temp_Thermal
15.78378427605211,242.7744791795896,105.00819700839666,43.418926559035675,2.511782562955797,393.71338530997775,536.3945132385861,9044.279015657281,Low_Temp_Thermal
42.40571329678772,198.2071835438706,122.83978861699792,44.88353731514835,2.367269153677112,368.297778629694,693.9393438970707,8090.69863308216,Low_Temp_Thermal
9.55080449223113,228.08065880823975,102.1517894261095,67.08479721153665,1.6974077472797109,399.0146531931656,432.396163914863,6450.845820153607,Low_Temp_Thermal
41.12227096291849,131.81537965461342,100.47920393752261,54.62019954511028,3.4427505079524567,290.35753364519877,833.2576613064973,8412.351633867036,Low_Temp_Thermal
26.9673322491233,363.8476119609296,181.7779791247469,54.70579418339739,3.7903462856309726,604.121731554705,672.3201043687168,7427.34592782075,Low_Temp_Thermal
27.461440763033657,218.55576499311763,93.08115929090141,27.495529792403303,3.646166515875801,342.7786205922982,651.2917821717066,5054.690395348521,Low_Temp_Thermal
34.917014635479475,359.39212221907377,101.03678106534555,30.65019845249531,2.3677502560630255,493.44685199297766,737.3907335541633,11626.030805937564,Low_Temp_Thermal
36.97438574393103,254.13213715578522,56.50028705074795,92.8689364955396,0.7967563408514762,404.2981170429243,944.5659766738117,6120.801550973709,Low_Temp_Thermal
20.083881878053102,364.36255796547516,89.6955310183101,46.44348549422621,4.3316661956134315,504.8332406736249,634.191070437501,8939.380751124774,Low_Temp_Thermal
38.61270730500076,270.53555992344684,51.664004281866085,34.5045600884328,3.025027518843061,359.7291518125888,577.3919258257231,953.464293260713,Low_Temp_Thermal
31.360446456302682,318.2586130295261,145.27218796847717,78.62198331178595,4.776715049669301,546.9294993594585,901.7439246645156,10191.177206952323,Low_Temp_Thermal
14.927342485583543,307.5274436870669,231.98788887349238,55.63617097367104,4.580151098944462,599.7316546331748,793.5100831982271,10671.909361636455,Low_Temp_Thermal
27.96150619704313,299.86328530015766,105.33284825397911,61.563098337290434,0.1564758619057689,466.915707753333,535.8040319232555,7074.584467816596,Low_Temp_Thermal
46.57534818670711,277.83475817461687,53.329682680390505,47.23905849436933,0.1315555850847936,378.53505493446147,601.037289731804,8396.927586844397,Low_Temp_Thermal
50.119137578948354,231.37194271075322,155.99998657718933,43.62653818846392,1.4889185625189432,432.4873860389254,639.0761831877597,8396.287954018906,Low_Temp_Thermal
38.60818149130412,403.2347753258288,90.92300164279372,46.608272550054195,0.8874691834186641,541.6535187020954,672.3625889209966,5393.041075898189,Low_Temp_Thermal
15.715878141979559,177.44504119232795,171.9738772221416,22.345236594027465,4.510503551952201,376.2746585604492,328.6800298121772,8367.805763598351,Low_Temp_Thermal
35.88728282947066,250.34461138745277,108.71883808840221,48.24145181160205,3.7026193519758355,411.00752063943287,291.50307843968795,4978.423825318611,Low_Temp_Thermal
40.21033084631031,251.19087001660765,94.72737243668877,55.92066154085235,5.198367987570622,407.0372719817194,422.52199559950924,5478.107690886685,Low_Temp_Thermal
38.70849579982466,282.19526026748173,112.88169777017254,87.00926467687508,3.792973634821837,485.8791963493512,407.05231139773156,9817.357858030748,Low_Temp_Thermal
39.41945146425502,215.64218832843991,150.31107043744748,51.71998130010431,3.417299163746738,421.0905392297385,471.2351972054995,9436.644226750506,Low_Temp_Thermal
34.35915695097037,275.179704447167,110.90317476977374,3.3164591557939005,5.39945956068834,394.798797933423,726.9421284180008,5234.061244710519,Low_Temp_Thermal
29.131051934033476,236.49259318376272,100.13101188825178,48.120291344307574,3.939454679470097,388.68335109579215,566.2141687350523,5166.059141247399,Low_Temp_Thermal
22.69959004915178,123.44379860496807,112.04673588084513,104.79008266216611,3.1362019268754375,343.4168190748548,639.2789210020377,5386.008493855819,Low_Temp_Thermal
7.224773777982044,250.76418290054772,69.1257926199646,67.3273246997008,5.960906067861371,393.1782062880745,355.13931799154767,8831.598916163726,Low_Temp_Thermal
34.07570120056021,161.95477335758787,135.8812640917592,33.78222112382822,3.23036176630558,334.8486203394808,507.671559415811,4500.038047974007,Low_Temp_Thermal
32.232634123826266,111.24913900408791,48.530936246203595,61.822130288611135,2.391318790164157,223.9935243290668,717.451532348968,7891.781597589881,Low_Temp_Thermal
36.69091011389779,260.9498656551508,102.23514182537939,35.15973150220519,1.3243534824447007,399.6690924651801,718.9904916353604,8867.117026585736,Low_Temp_Thermal
13.949475680485271,289.0306673615653,150.37540835322972,22.92384960906285,4.4060509180908225,466.7359762419487,455.0852343624184,6779.386374267249,Low_Temp_Thermal
37.74020027178072,292.1358433683661,132.12193131730868,43.03261273531856,5.474101083684937,472.7644885046783,632.3324772759107,9525.159242162319,Low_Temp_Thermal
54.65454113544932,295.37365656157556,143.6128229194556,51.83052878477722,2.89882519713314,493.71583346294153,1039.7695706964664,6239.224576275519,Low_Temp_Thermal
30.941401569334936,95.39287832475117,117.39817309124764,12.556889951332082,5.615831247559678,230.9637726148906,596.4804141488723,6465.360997515214,Low_Temp_Thermal
29.26001616952151,141.11864576740243,166.78984723942068,27.016814189227283,0.1,335.0253071960504,461.36261077151096,4556.884422170358,Low_Temp_Thermal
33.70802827302841,407.8817149450937,156.9879678707917,50.206711263647094,2.88909325038417,617.9654873299166,565.247522127568,9542.943369050514,Low_Temp_Thermal
54.38804429652406,166.2232991938371,137.84564016990697,41.836536480220914,2.9198101757911274,348.82528601975616,618.4354215053667,5083.698882552824,Low_Temp_Thermal
17.71622685960131,298.8672824909351,157.10183109254172,57.896225422921816,1.546011255185306,515.4113502615841,569.7663238618901,7874.429544287648,Low_Temp_Thermal
32.43848320072686,195.04499026673233,150.01694217614306,25.706633453828772,7.767722075963746,378.5362879726679,593.7290598646996,6821.709832185163,Low_Temp_Thermal
20.40411093242827,256.37381914140514,102.42145946612439,64.28227497106602,2.8676147346224776,425.94516831321806,311.3106406126321,4368.042342220844,Low_Temp_Thermal
23.43594334986006,199.33966381811246,66.24404353234667,26.3248180587961,2.1845384567911337,294.09306386604635,407.47390498280976,5477.242140441698,Low_Temp_Thermal
29.404916305416727,294.9232923695716,136.81448503370495,82.85468603875259,3.05192422686701,517.6443876688961,570.1329525857005,10457.180597601835,Low_Temp_Thermal
46.167878899362705,260.9419293853359,141.84356923325714,15.684834312433665,0.1,418.57033293102677,566.9464059955127,7504.143856586201,Low_Temp_Thermal
51.61188720826485,214.1368181084613,163.61887964554262,28.14891459233175,1.4802641493101698,407.3848764956458,486.76214502799985,4477.124146582895,Low_Temp_Thermal
35.37770573552048,165.98623042554317,82.54714899818826,58.34741606063658,4.966479938890808,311.84727542325885,564.5972827847127,7763.3207183717295,Low_Temp_Thermal
25.480863323718175,271.4219357994009,83.74275762891347,83.28466502995276,1.7421092901344506,440.1914677484016,612.202971082841,6634.714921013638,Low_Temp_Thermal
59.91286639966222,152.98249607659278,138.39601065231082,56.300860722323414,1.342249674399457,349.0216171256265,777.882691304905,15635.116005610455,Low_Temp_Thermal
24.869346224045756,284.1984833696671,117.15332044587653,61.25715840364782,5.6190512730288,468.2280134922202,580.1576529547898,7712.809603355681,Low_Temp_Thermal
23.14636902768315,460.118792722952,44.56953557715488,50.35073803346117,5.680508801903658,560.7195751354717,679.8206410596506,6048.4378823340885,Low_Temp_Thermal
8.700683465055278,358.01360410096095,135.00432655016763,29.47203091769613,4.033980944322284,526.523942513147,491.6799397132158,10550.06979446776,Low_Temp_Thermal
46.75309883093692,307.467830951533,45.903083400441815,40.19723303521241,2.0897653319226652,395.6579127191099,714.4191447196964,2397.4095817678863,Low_Temp_Thermal
41.61894710845553,243.1514161807082,82.18973792506495,25.761805600374466,2.521057869767353,353.624017575915,675.1460595224713,7235.800390952743,Low_Temp_Thermal
59.01366643339735,94.89978983971798,174.0672549144043,24.42580064446257,1.391700076850082,294.784545475435,773.1634006359639,11986.071236702683,Low_Temp_Thermal
13.325719773382488,144.21708832798527,192.99516071228462,58.034978386394926,1.0104537619427103,396.2576811886075,742.6920924888975,6709.501789100615,Low_Temp_Thermal
47.498049689749315,352.6234284882171,71.37374526112154,27.536440358240768,0.9111670233831353,452.44478113096255,717.7471245762292,2666.747388379803,Low_Temp_Thermal
30.84162622039353,186.8195135900176,106.82433850349223,56.39108013446723,1.763891186429585,351.7988234144067,580.3165182684439,6010.205088973506,Low_Temp_Thermal
39.67320260160164,194.05983214687626,121.70490092314824,23.963544955578048,0.93055801863051,340.65883604423306,648.9878454088937,10636.295102397591,Low_Temp_Thermal
10.226674306746347,236.7479619452783,191.24907710326272,55.92766040233509,0.1,484.02469945087614,812.7017856903053,7940.173990801928,Low_Temp_Thermal
47.61698187198357,165.03629929227563,100.28524208702393,40.22634862074075,3.4388053395078115,308.98669533954813,469.58508611944114,4902.859726218705,Low_Temp_Thermal
39.43820101598197,151.85850123586908,100.92463907866887,78.13231067301288,3.469191161786874,334.38464214933765,474.31844426062685,5286.89298205244,Low_Temp_Thermal
29.53307958256539,245.96207417748624,181.94902233851448,56.4743779115813,6.401585516856633,490.7870599444387,636.2862795900724,5600.749322125466,Low_Temp_Thermal
37.741352251933456,178.6776436262371,105.00843389126968,74.71565785988282,1.6633232632905948,360.06505864068015,683.0559380530907,7902.994710134991,Low_Temp_Thermal
20.81405638749301,190.71851361768842,148.8880683586583,34.887065671496146,3.5922011792465414,378.0858488270894,435.1787001471991,10345.490332346633,Low_Temp_Thermal
23.04671897301961,187.5047179082395,60.9142813955029,51.122866804883344,3.6254251585496036,303.16729126717536,585.0474873173383,9631.057531997927,Low_Temp_Thermal
24.438664636495247,291.7888171067575,113.15069023630696,30.378256837674435,2.492324877748934,437.81008905848785,581.200245154243,8140.030455272821,Low_Temp_Thermal
7.767265659716664,231.42994476037143,53.61612646694381,41.72789514511164,4.4886671774993525,331.2626335499262,156.94397687930586,3670.888099856292,Low_Temp_Thermal
40.3411019304404,235.7142425684917,77.78264876177182,44.757915545107416,4.550458373701429,362.80526524907236,556.081202148248,3680.168715016397,Low_Temp_Thermal
44.2991233701908,297.75567178471067,153.56805420609055,35.48283558625722,3.65482219039508,490.4613837674535,568.5364334303067,8333.130053034409,Low_Temp_Thermal
21.5838702028339,238.6368313413648,118.0037843565315,25.6899428230861,2.4887205899044087,384.8192791108868,567.9414114353962,3636.322255167764,Low_Temp_Thermal
34.17843619133782,227.73969852342617,107.23577037788101,21.729653526946944,2.28493978289093,358.9900622111451,883.1828549154536,6436.082447328489,Low_Temp_Thermal
26.813514304449164,287.63602844561365,90.0500150407633,3.205037685852055,0.26449220240588156,381.1555733746349,356.84034029822493,7760.376115465442,Low_Temp_Thermal
33.939287544972366,303.4558274846105,111.17375707034869,28.873070729930845,1.3881644427646167,444.8908197276546,435.0754857590774,4156.015011593277,Low_Temp_Thermal
22.46907310546765,238.23412003931168,132.04452668402774,62.54987793343689,1.7559849521966242,434.58450960897295,77.5608403361332,4439.344164102841,Low_Temp_Thermal
19.39889812694837,256.4486220496417,159.31664825847048,18.030029359734343,0.7520564751411318,434.54735614298767,503.8166667651719,6764.697338580453,Low_Temp_Thermal
42.62489863228491,187.45678162133376,14.994132636127915,22.637543074933898,3.8798479333753284,228.96830526577088,520.8712891747998,8259.125718810135,Low_Temp_Thermal
29.23355297850609,181.14535654683795,86.72955302948762,85.81797142465831,5.39325573797402,359.08613673895786,498.00456473314875,9653.796926034393,Low_Temp_Thermal
54.26530741024171,311.5318001573446,126.36384968756023,37.27007900303492,1.1838751353416999,476.34960398328144,821.535467896752,8517.63358692638,Low_Temp_Thermal
41.104848924882916,117.08450131034448,40.651750365271866,406.977958743571,3.278818014916343,567.9930284341037,665.529452764441,8720.21453792624,High_Temp_Thermal
28.80707869664426,134.87782478086248,43.68920964094256,266.95820609213433,12.0306862735272,457.55592678746655,718.7317696415566,7121.887506735539,High_Temp_Thermal
23.936395062332213,193.3279345529671,39.56982568487801,436.6728976613603,12.949251231576362,682.5199091307817,959.8134024085151,10271.355106023333,High_Temp_Thermal
32.33684367506279,178.38264981388755,39.21081860416916,304.34806868215856,22.34598018346409,544.2875172836794,403.1692227344314,10606.108025695048,High_Temp_Thermal
46.149033774708506,192.92062759732497,49.19566314656179,315.9988191551001,6.890820046977977,565.0059299459648,640.9549244418375,6921.014963998078,High_Temp_Thermal
45.04935559941014,210.04878801276666,31.868788042082485,423.3202351790312,8.661027131624087,673.8988383655045,747.1777408528044,8990.921936532639,High_Temp_Thermal
8.501470214123163,142.36074444498726,25.784704965412367,154.52029219276403,7.121207377808922,329.78694898097257,523.960015606371,11541.581787235908,High_Temp_Thermal
28.214844575987456,267.93961010072087,85.35672178933586,541.6433431821179,11.060568505656121,906.0002435778307,1057.8692784818543,13671.376979823355,High_Temp_Thermal
58.06761327409234,163.93735037715155,29.2621383432815,371.8867057668651,11.908452672398068,576.9946471596962,927.1467004032869,10227.814877705876,High_Temp_Thermal
41.18822571706209,153.99438091310947,41.50214368690115,503.7133050536509,9.733125777857445,708.942955431519,772.5333317721888,8132.4166899967795,High_Temp_Thermal
18.74486630345521,208.94317423994715,17.56509623686949,220.9496292057418,15.431629584365162,462.8895292669236,1148.5579448321466,7837.774471886275,High_Temp_Thermal
75.33731772397226,69.80938785749564,41.74702622577133,239.22018511661685,6.915102481226112,357.69170168110986,325.2761800974644,9672.189671580869,High_Temp_Thermal
39.56587401527853,132.56793301662483,26.001616739659973,210.57197340802253,14.930870239453562,384.0723934037609,698.0684297235796,7652.98147256165,High_Temp_Thermal
45.76500938970112,238.86436792150997,33.362905857249835,380.03572071978067,12.692489268205414,664.9554837667459,791.5842422335153,8568.921497067166,High_Temp_Thermal
45.99287134067702,75.75468425627336,55.675969986566855,357.91799623018954,9.939850400505268,499.28850087353504,471.3612383015195,4826.371206407375,High_Temp_Thermal
34.48606800759721,247.05445181598935,47.080143525671104,294.27058169225836,8.425316796214272,596.830493830133,775.1786354544321,11891.171589473477,High_Temp_Thermal
29.086394772679085,270.6681939815481,48.52614286862229,228.31169685376648,22.133338793656847,569.6393724975937,423.3543765530305,4579.445818553964,High_Temp_Thermal
71.82512477598911,157.8326797305751,13.431927424122058,198.00844763229892,5.914956746289603,375.1880115332857,872.6393295685633,6703.664718640963,High_Temp_Thermal
55.04808804426626,197.5087660455786,67.55342754743519,344.1819319435213,11.489665884842074,620.7337914213772,964.4586920322267,8292.77978255544,High_Temp_Thermal
52.32905801663015,247.1452250910616,22.121780335871872,294.129586449368,6.248904648789337,569.6454965250908,768.083350282082,13972.960639665916,High_Temp_Thermal
48.64433787577316,151.99264871738882,62.92841221440797,267.7271609170085,18.92810374310653,501.5763255919118,236.80054623376355,6731.951045443018,High_Temp_Thermal
24.95023914457473,232.06653123157088,55.32315798972229,535.6507383357931,14.434131643996018,837.4745592010823,458.30161970849133,6001.952558118811,High_Temp_Thermal
59.16295287610411,139.7310722921597,48.6599911267702,340.1209186168719,6.60825060579428,535.1202326415961,841.1775008032902,6347.549247998619,High_Temp_Thermal
27.35301012982376,151.34386240000924,27.175228286374278,502.40515207123104,12.562974967156142,693.4872177247707,705.2996608780915,12976.691502833937,High_Temp_Thermal
44.24930197225969,132.03981214050157,42.273847672292845,286.0097380780764,11.288478606382776,471.6118764972536,26.499345576878,0.1,High_Temp_Thermal
15.409151418031467,200.5588319516882,32.9361788403271,379.3731540558388,7.416876190126306,620.2850410379805,1010.7075959670601,4991.785963554239,High_Temp_Thermal
9.387117240287207,249.478143153933,40.43559357257938,343.3428780492398,13.790821086140866,647.0474358618931,734.1641265634581,16193.866127478655,High_Temp_Thermal
44.77436803979672,168.95322407297013,36.251916113716604,146.2853228578253,11.946526955522051,363.4369900000341,495.23133399998875,9772.646220474911,High_Temp_Thermal
27.863510992076378,103.72505040525581,9.420842401413875,521.4005967516696,11.078493569429762,645.624983127769,948.7388993916661,4682.04515198234,High_Temp_Thermal
10.162486430540902,115.03759066279106,56.82676226476882,333.7815671561101,9.790401443788356,515.4363215274583,530.6149967732753,7874.246053475686,High_Temp_Thermal
48.10914254420614,203.67596528223243,38.783392651759584,439.57018635595523,12.155272462998257,694.1848167529455,527.8869705989464,8202.363698203584,High_Temp_Thermal
71.80121156576183,290.64698480365615,32.72799400746644,259.7565533046129,11.146938307462298,594.2784704231979,789.5881627535091,10538.375737716819,High_Temp_Thermal
60.843403878700926,203.62349995886385,31.595091507553484,330.2186742104282,10.295466665125087,575.7327323419706,1145.2596148105736,13518.506008467692,High_Temp_Thermal
36.14023172101491,156.78620696092483,45.376893645501525,245.97771680919743,6.794920420062183,454.935737835686,1105.8967944932215,9165.655043837647,High_Temp_Thermal
40.13267960045419,225.97103801101704,26.593654925582918,498.3198179316072,18.468831203812464,769.3533420720196,789.9278747260266,6380.635090961117,High_Temp_Thermal
53.3155938517587,165.63008186479522,6.172366622889349,387.36912169408106,4.747900283257264,563.919470465023,815.5964147125799,10361.253326294613,High_Temp_Thermal
56.8319202975236,157.3028869581476,46.10694704812414,394.0464232017066,12.138181094398725,609.5944383023771,897.8747330212062,5905.241909411417,High_Temp_Thermal
34.84696421761452,122.49245365828418,47.78654496935233,512.9820976525975,8.398796288492836,691.6598925687268,385.7540811576627,4899.9875120329125,High_Temp_Thermal
40.512665735868616,264.50693065478134,37.005522629835504,488.76095562788277,18.7977363472465,809.0711452597462,861.0370842879956,2720.2733841306645,High_Temp_Thermal
44.50922210146805,27.64752495026019,22.781456872149867,441.84110433635425,5.482587313880797,497.7526734726451,516.481632964118,3304.614816498797,High_Temp_Thermal
48.308144804182476,227.87155201675614,41.33403311333928,179.39271835550448,6.323683691198339,454.9219871767982,779.6195166991452,5310.664531627184,High_Temp_Thermal
38.003853369831,152.1753037321478,18.03201447529617,266.51850565799793,5.150909683690873,441.8767335491328,643.1330930981657,4466.630696897387,High_Temp_Thermal
38.19872132396883,155.37955611290323,24.59154104968511,229.5334236786377,11.617325254753052,421.1218460959791,825.3020817785535,8939.709582124153,High_Temp_Thermal
60.697484946315825,281.53890936706875,28.739530952437583,437.3040432350959,3.134746702156791,750.7172302567591,729.5258662516151,4401.7945225278945,High_Temp_Thermal
58.142810536643296,137.15213446799692,52.65908606337334,370.4782330100062,7.607357526211169,567.8968110675877,0.1,0.1,High_Temp_Thermal
47.161158601541324,139.1958507582954,34.56083574344624,183.13850796432862,0.1,356.9951944660703,744.7229279262951,4868.2646762316035,High_Temp_Thermal
65.78663605034393,172.17634566482818,33.282003823353094,327.3506944386527,11.202106770640452,544.0111506974744,860.5382380748157,6584.421056835742,High_Temp_Thermal
34.20331356660375,204.8308431487343,69.3203877311687,170.7065197137466,7.498925706218687,452.3566762998683,811.4820870846135,6183.651536384104,High_Temp_Thermal
64.34460172944071,153.48865306242783,45.28693745783071,343.62122143162884,2.5597162803407345,544.956528232228,674.3535134478551,12558.574037927552,High_Temp_Thermal
48.137731653033256,85.56846416784687,45.08491765712239,151.35529952153783,15.428047014870293,297.43672836137733,1110.5404229826015,6159.37232213255,High_Temp_Thermal
89.06539183321884,128.05810914709406,34.454488821868374,413.45929920615356,3.4616655080753036,579.4335626831913,777.8432822804152,10642.770389597594,High_Temp_Thermal
22.112771098262833,256.88003138787116,31.054424985448335,395.3555151240888,13.984718450141077,697.2746899475493,809.4183250482765,7943.052200957415,High_Temp_Thermal
29.65982121673988,184.4866073481307,7.203903399742742,578.9538192016257,6.494795880060978,777.1391258295602,961.1229735126421,7873.085822982203,High_Temp_Thermal
46.28196742300821,207.06523702222933,54.53110797885337,451.7447947396811,18.00785688947713,731.3489966302409,790.6482499241497,5493.85913345589,High_Temp_Thermal
45.95851079468488,164.31472756961776,46.72464558634569,299.2502893012997,13.74775269463073,524.0374151518939,475.4955616464491,7823.652045257699,High_Temp_Thermal
69.25208476262527,140.4301382296038,37.3125101017988,448.1684111929383,4.959760645629859,630.8708201699709,90.41564655509444,5704.711619307749,High_Temp_Thermal
29.97437975050699,280.65416699252467,37.94159947245616,182.28033428657858,5.414587238948468,506.2906879905079,580.7197744954797,8510.07294276371,High_Temp_Thermal
53.573777780408264,168.70848857693517,51.04216393391583,234.50328755826973,13.027626026121549,467.2815660952423,890.2363814702792,7291.251102128936,High_Temp_Thermal
57.43694507022994,153.3978072283724,16.679348903802204,389.9771038490132,8.688109346449167,568.742369327637,611.7259171455486,5166.116200425199,High_Temp_Thermal
50.56971748330972,245.76854198132037,31.15178002669292,91.01004047024873,9.153287464893172,377.0836499431552,900.2945930704324,10975.683019101785,High_Temp_Thermal
25.5850548711352,136.65837846795688,22.955457056612044,345.54070580793405,16.36119430886049,521.5157356413634,737.1820439800682,9280.521440064276,High_Temp_Thermal
61.116382078812975,144.3163593735602,66.57263923730119,227.5684049457895,6.256555633150217,444.71395918980113,1022.0165175655461,6655.811797573255,High_Temp_Thermal
58.43987396973121,180.6148010410139,53.13483297779951,362.1568466183916,10.456468860877273,606.3629494980823,626.1958232198347,8436.47914110593,High_Temp_Thermal
48.993767796855664,180.0162062452908,6.959610382969537,220.6716370343284,14.77313896826153,422.4205926308503,816.903706641922,7748.532435494109,High_Temp_Thermal
43.06521530813431,195.57668087419287,17.293575600400366,400.90977649462263,14.045587441928001,627.8256204111439,826.4712661338398,5397.227188210179,High_Temp_Thermal
43.39162015066557,305.5001453637293,38.014814899637706,352.31929084008675,9.201936662396637,705.0361877658504,1075.4004681577983,8211.488687063491,High_Temp_Thermal
38.818963116409336,200.17489478114223,32.913396818913625,518.0439100257597,8.55547059573671,759.6876722215522,273.34067341643055,6136.964735577876,High_Temp_Thermal
49.61177701378963,37.316762234951966,20.134266878846674,350.80814409219465,1.3059226873953413,409.5650958933887,585.3979313617106,5165.198493139702,High_Temp_Thermal
40.46702279417466,199.57793660589365,69.17143356475734,257.76286340462406,4.718775036674021,531.2310086119492,912.129026347126,3131.698009200425,High_Temp_Thermal
27.27212536971038,182.27279966937593,44.68809870973869,320.37369730072606,11.591796132873668,558.9263918127144,1086.474119944662,6924.177939384108,High_Temp_Thermal
245.35765276669787,40.119839633619144,6.875430030868885,18.923686925537645,1.0335905548269906,66.95254714485266,413.0612362483333,5417.90216954193,Partial_Discharge
144.42725172969122,51.8927067777652,13.599303328513132,13.5778567617614,0.8066581787558585,79.87652504679558,276.24431359320556,4311.718246318177,Partial_Discharge
401.65669537263756,32.65221687116274,13.253030714878557,19.290034865961438,0.9912830515254955,66.18656550352824,352.4549832403988,5116.483424742835,Partial_Discharge
270.8548522922186,12.811174501470372,9.808981526045837,9.899854993726226,0.980118884285913,33.500129905528354,317.8657469962754,7029.8198384273965,Partial_Discharge
304.34641061283827,44.025384820277836,8.917304978625223,7.164105763274355,1.0874096635104036,61.194205225687824,329.881023650525,4559.397681418203,Partial_Discharge
263.6194409659007,50.87986094719938,9.552172663073412,14.571327581714367,0.1,75.10336119198716,553.7127896959813,6451.072933606889,Partial_Discharge
348.2291979950858,48.630209977113545,9.580853385408757,15.189394003739489,1.9404381535039246,75.34089551976571,173.79997629963876,5583.118094230302,Partial_Discharge
137.03984132219662,46.3327999215616,9.68650788749695,12.909693893626072,0.9263558432327212,69.85535754591736,326.5323184077739,2745.861209118527,Partial_Discharge
0.1,34.77119551067519,9.248003593932802,22.363746879853153,1.2903113097234926,67.67325729418464,471.1748907196157,3257.008159031066,Partial_Discharge
164.30995133176935,27.898806228316115,11.009797258369572,9.898755749165655,0.3109493292329879,49.11830856508433,203.4108504966462,3632.965763702145,Partial_Discharge
244.657486043803,48.27592403565671,13.012848259311461,16.878993643994097,0.7644998693753748,78.93226580833763,285.625257473375,3603.2311162941032,Partial_Discharge
212.1213577398383,46.39671124297413,5.078959409605693,15.40781982698175,0.6638420668397927,67.54733254640136,297.096150243236,4673.59435545046,Partial_Discharge
222.0378088774227,31.586513637342605,5.797344403067404,5.6597042871835,1.7348618822542727,44.778424209847785,327.67102779460157,5660.501667314551,Partial_Discharge
305.67280021358977,56.64136283788085,3.0059278820659054,7.085818897988926,0.7070931965820586,67.44020281451775,190.40428403937827,6557.221783386612,Partial_Discharge
230.56460595699997,26.75701728178599,13.465589601430398,15.071466097491788,1.3790399934700457,56.67311297417822,409.52860603380395,5231.445124215115,Partial_Discharge
263.9130342072817,31.247149318134394,11.001293172761853,26.887199992121783,0.6747897736634024,69.81043225668144,416.62872825131444,4176.048621525506,Partial_Discharge
124.83498065177929,64.54637818512498,12.021070063731083,18.475618871392868,0.7736905301730279,95.81675765042196,400.8375325017948,1884.862258918176,Partial_Discharge
112.36850486271706,53.028729066008694,4.282007046546126,4.646191049132204,0.877224917399657,62.834152079086685,262.96263257089186,4898.8254055842735,Partial_Discharge
329.129113841959,34.62986041163466,17.139792491520552,0.1,1.6419225634146501,53.511575466569866,358.65107907872954,4836.078271172988,Partial_Discharge
208.07212281176544,44.310710644653255,7.564596367418569,19.39832155802628,0.1,71.37362857009809,260.0559760430913,5056.100254954541,Partial_Discharge
150.1416653243092,42.32188366785758,10.672823228445024,14.422719102430806,0.34216822236278366,67.7595942210962,316.7403339228487,7748.736416784666,Partial_Discharge
150.28844051623054,0.1,13.417538642713488,21.847595817062217,0.1,35.465134459775705,565.3467927170877,6536.835164670301,Partial_Discharge
148.0701502689394,26.402890757899275,6.052080976815713,9.715692475731352,0.45624894011927486,42.62691315056561,359.5695377596256,5899.08528554998,Partial_Discharge
143.28327831633266,39.23730074336078,7.814702565949332,17.101274987151157,0.5941999744039463,64.74747827086522,231.24734240128265,3453.0920178997603,Partial_Discharge
97.34817579170722,34.65082785161041,10.716687098403497,20.077040778167177,0.1927593729548055,65.6373151011359,368.0335340663914,4081.8073511245593,Partial_Discharge
79.96636782235932,43.70653847245631,21.429892301858825,12.31521817076111,0.6329261266926656,78.08457507176891,214.82040739366903,4667.217550300097,Partial_Discharge
184.39964978764647,56.9422346942188,11.204498971408096,12.443486578613609,0.1,80.69022024424049,230.09896074849883,3714.430026385505,Partial_Discharge
152.56593037436804,35.17696323019109,16.425444602522873,15.151576986590342,0.4910056381161594,67.24499045742047,245.88768640512092,5500.650334979166,Partial_Discharge
288.5727428354636,24.135178058157027,14.822692580767821,18.256058079361974,1.6002101999551002,58.81413891824192,305.56905478043166,5299.672388901987,Partial_Discharge
223.44613226135334,44.87277487766568,11.472040145978076,14.913995972928534,1.2017940351405514,72.46060503171284,443.69689955892017,3276.3690897234305,Partial_Discharge
221.22541440623866,35.10064999648295,6.043216913477285,20.84397802655692,1.0937338360862638,63.08157877260342,407.8398198016839,6475.543392734574,Partial_Discharge
140.55036739564395,37.65904748767146,14.23901444327294,12.22838886439782,0.49861072186044275,64.62506151720265,402.2995328247328,4943.234467332404,Partial_Discharge
190.31772673760196,35.62339421270382,4.007558633407812,7.029628767221342,0.23195752047763796,46.89253913381061,240.10754344094576,2379.3003945608484,Partial_Discharge
228.88008829051523,73.62756700016479,16.403500494708368,26.86185220867908,0.43042196223285967,117.3233416657851,295.86856445643514,4728.119998317043,Partial_Discharge
257.29565917701404,6.389436085030823,10.800021232873021,11.372197580745322,0.9783950865519925,29.540049985201158,377.20011068831883,5193.6890382920665,Partial_Discharge
192.48865387853076,34.17499145301031,0.1,11.589347497693517,1.434088389863334,47.29842734056716,287.1680014611587,6161.909306010037,Partial_Discharge
286.3299023459367,39.94466461527412,8.637975619872645,14.605180073566894,1.4511837085676602,64.63900401728132,322.1633559698902,4327.533035622737,Partial_Discharge
